"Kategorie_zamestnani_CZ_ISCO";"Pocet_zamestnancu_v_tis";"Kc_mes_median";"Kc_mes_1_decil";"Kc_mes_1_kvartil";"Kc_mes_3_kvartil";"Kc_mes_9_decil";"Kc_mes_prumer";"odmeny_%";"priplatky_%";"nahrady_%";"hod_mes";"CZ_ISCO";"Povolani";"Dataset"
"1";"1120 Nejvyssi predstavitele spolecnosti (kr.politickych,zajmovych a pribuznych organizaci)";9679;50792;19984;29887;104060;223019;99314;27.81;0.78;5.55;171.6382;"1120";"Nejvyssi Predstavitele Spolecnosti (kr.politickych,zajmovych A Pribuznych Organizaci)";"Soukroma sfera"
"2";"1211 ridici pracovnici v oblasti financi (krome financnich a pojistovacich sluzeb)";8211;61429;27815;37732;103264;175572;87312;23.79;0.99;6;171.2075;"1211";"Ridici Pracovnici V Oblasti Financi (krome Financnich A Pojistovacich Sluzeb)";"Soukroma sfera"
"3";"1212 ridici pracovnici v oblasti lidskych zdroju";2334;70831;31378;45433;103851;169880;90691;21.71;1.51;6.13;170.3982;"1212";"Ridici Pracovnici V Oblasti Lidskych Zdroju";"Soukroma sfera"
"4";"1219 Ostatni ridici pracovnici spravy podniku, administrativnich a podpurnych cinnosti ";7019;51199;24339;34750;80139;122707;67391;23.52;1.71;6.06;170.6934;"1219";"Ostatni Ridici Pracovnici Spravy Podniku, Administrativnich A Podpurnych Cinnosti";"Soukroma sfera"
"5";"1221 ridici pracovnici v oblasti obchodu, marketingu a v pribuznych oblastech ";17119;50457;17775;27753;90619;155857;74049;24.65;1.16;5.9;171.7808;"1221";"Ridici Pracovnici V Oblasti Obchodu, Marketingu A V Pribuznych Oblastech";"Soukroma sfera"
"6";"1222 ridici pracovnici v oblasti reklamy a styku s verejnosti ";198;82203;38249;51255;135796;218969;108678;25.83;2.29;5.9;169.421;"1222";"Ridici Pracovnici V Oblasti Reklamy A Styku S Verejnosti";"Soukroma sfera"
"7";"1223 ridici pracovnici v oblasti vyzkumu a vyvoje";4074;66986;34808;46663;88972;135276;79813;22.98;1.13;5.75;169.9694;"1223";"Ridici Pracovnici V Oblasti Vyzkumu A Vyvoje";"Soukroma sfera"
"8";"1311 ridici pracovnici v zemedelstvi, lesnictvi, myslivosti a v oblasti zivotniho prostredi ";2812;36874;24250;28261;49427;63623;42062;20.29;0.74;6.92;172.3477;"1311";"Ridici Pracovnici V Zemedelstvi, Lesnictvi, Myslivosti A V Oblasti Zivotniho Prostredi";"Soukroma sfera"
"9";"1321 ridici pracovnici v prumyslove vyrobe";19808;51765;19975;32461;79837;128473;68649;24.22;1.46;5.52;170.3187;"1321";"Ridici Pracovnici V Prumyslove Vyrobe";"Soukroma sfera"
"10";"1322 ridici pracovnici v tezbe a geologii";324;61187;40278;48218;97068;136952;87681;29.15;2.41;8.32;165.6569;"1322";"Ridici Pracovnici V Tezbe A Geologii";"Soukroma sfera"
"11";"1323 ridici pracovnici ve stavebnictvi a zememerictvi";9976;37411;17297;25778;51625;82777;46401;24;1.24;6.75;173.7817;"1323";"Ridici Pracovnici Ve Stavebnictvi A Zememerictvi";"Soukroma sfera"
"12";"1324 ridici pracovnici v doprave, logistice a pribuznych oborech";9272;46753;23054;33014;70251;109972;60046;20.4;1.47;7.23;170.2072;"1324";"Ridici Pracovnici V Doprave, Logistice A Pribuznych Oborech";"Soukroma sfera"
"13";"1330 ridici pracovnici v oblasti informacnich a komunikacnich technologii";5966;61506;14650;33688;102357;162859;79966;20.54;2.77;5.57;172.398;"1330";"Ridici Pracovnici V Oblasti Informacnich A Komunikacnich Technologii";"Soukroma sfera"
"14";"1342 ridici pracovnici v oblasti zdravotnictvi";2008;58118;30396;37004;87882;121898;66893;15.49;7.63;7.15;175.973;"1342";"Ridici Pracovnici V Oblasti Zdravotnictvi";"Soukroma sfera"
"15";"1345 ridici pracovnici v oblasti vzdelavani";835;43270;26541;33640;57826;86646;51621;24.09;4.7;6.13;173.4729;"1345";"Ridici Pracovnici V Oblasti Vzdelavani";"Soukroma sfera"
"16";"1346 ridici pracovnici v oblasti financnich a pojistovacich sluzeb";4493;81897;32029;53118;153214;247269;121862;32.46;3.06;6.11;172.4941;"1346";"Ridici Pracovnici V Oblasti Financnich A Pojistovacich Sluzeb";"Soukroma sfera"
"17";"1349 ridici pracovnici knihoven, muzei, v oblasti prava a bezpecnosti a v dalsich oblastech";1136;42551;17994;24729;63373;104298;58740;24.66;2.18;6.44;170.8783;"1349";"Ridici Pracovnici Knihoven, Muzei, V Oblasti Prava A Bezpecnosti A V Dalsich Oblastech";"Soukroma sfera"
"18";"1411 ridici pracovnici v oblasti ubytovacich sluzeb";466;33417;20123;27166;47839;64871;40293;14.82;1.62;7.94;173.0348;"1411";"Ridici Pracovnici V Oblasti Ubytovacich Sluzeb";"Soukroma sfera"
"19";"1420 ridici pracovnici v maloobchode a velkoobchode";16205;27984;11934;19597;45896;70765;39073;18.93;2.28;6.93;173.477;"1420";"Ridici Pracovnici V Maloobchode A Velkoobchode";"Soukroma sfera"
"20";"1439 ridici pracovnici cestovnich kancelari,nemovitosti,opravarenskych,osobnich aj. sluzeb";6875;27045;11965;21717;36632;56278;32897;13.45;0.27;7.17;177.4281;"1439";"Ridici Pracovnici Cestovnich Kancelari,nemovitosti,opravarenskych,osobnich Aj. Sluzeb";"Soukroma sfera"
"21";"2111 Fyzici a astronomove";2856;43060;26982;33237;55319;71163;47194;19.08;1.13;5.85;171.7331;"2111";"Fyzici A Astronomove";"Soukroma sfera"
"22";"2113 Chemici (krome chemickeho inzenyrstvi)";2814;30056;19686;22887;40199;55902;34625;17.68;2.28;6.04;169.0339;"2113";"Chemici (krome Chemickeho Inzenyrstvi)";"Soukroma sfera"
"23";"2120 Specialiste v oblasti matematiky, statistiky a pojistne matematiky";526;44242;26885;32968;60671;80078;50554;16.11;0.81;5.62;172.1859;"2120";"Specialiste V Oblasti Matematiky, Statistiky A Pojistne Matematiky";"Soukroma sfera"
"24";"2131 Biologove, botanici, zoologove a pribuzni specialiste";4620;34819;21987;26273;48677;74689;44934;15.2;0.9;6.84;172.9539;"2131";"Biologove, Botanici, Zoologove A Pribuzni Specialiste";"Soukroma sfera"
"25";"2132 Specialiste v oblasti zemedelstvi, lesnictvi, rybarstvi a vodniho hospodarstvi";3161;30541;19426;27120;35644;43761;33423;17.56;0.43;7.37;172.6454;"2132";"Specialiste V Oblasti Zemedelstvi, Lesnictvi, Rybarstvi A Vodniho Hospodarstvi";"Soukroma sfera"
"26";"2141 Specialiste v oblasti prumysloveho inzenyrstvi a v pribuznych oblastech";12700;37907;25056;30742;50864;72099;45827;15.01;1.9;6.75;169.6411;"2141";"Specialiste V Oblasti Prumysloveho Inzenyrstvi A V Pribuznych Oblastech";"Soukroma sfera"
"27";"2142 Stavebni inzenyri";11221;31092;19022;24668;44198;62557;37577;18.29;1.3;6.93;172.8488;"2142";"Stavebni Inzenyri";"Soukroma sfera"
"28";"2144 Strojni inzenyri";18343;43123;25730;33282;56379;65386;45942;17.04;1.63;5.64;170.0077;"2144";"Strojni Inzenyri";"Soukroma sfera"
"29";"2145 Chemicti inzenyri a specialiste v prib.odorech (gumar.,plastik.,potrav.,vodar.apod.)";3845;40405;25290;29693;56084;69275;45614;15.4;1.35;6.08;169.0263;"2145";"Chemicti Inzenyri A Specialiste V Prib.odorech (gumar.,plastik.,potrav.,vodar.apod.)";"Soukroma sfera"
"30";"2146 Dulni, hutni, slevarensti inzenyri ";582;41609;27078;34272;52282;71460;45719;16.78;4.21;6.38;165.758;"2146";"Dulni, Hutni, Slevarensti Inzenyri";"Soukroma sfera"
"31";"2149 Inzenyri v ostatnich oborech (textilni, kozedelny, polygraficky, drevarsky apod.)";4684;37120;24169;30461;52456;70059;44194;14.38;1.61;6.49;170.1238;"2149";"Inzenyri V Ostatnich Oborech (textilni, Kozedelny, Polygraficky, Drevarsky Apod.)";"Soukroma sfera"
"32";"2151 Inzenyri elektrotechnici a energetici ";8964;41442;25261;31142;55098;75008;46880;15.94;3.75;6.7;169.6176;"2151";"Inzenyri Elektrotechnici A Energetici";"Soukroma sfera"
"33";"2152 Inzenyri elektronici ";3702;41956;28404;33394;52434;65170;45943;13.46;1.17;6.44;173.237;"2152";"Inzenyri Elektronici";"Soukroma sfera"
"34";"2153 Inzenyri v oblasti elektronickych komunikaci (vcetne radiokomunikaci)";1061;44241;30739;37388;79659;109606;59163;15.09;4.4;5.63;172.5282;"2153";"Inzenyri V Oblasti Elektronickych Komunikaci (vcetne Radiokomunikaci)";"Soukroma sfera"
"35";"2211 Prakticti lekari";2242;23684;14782;16350;28565;46494;27291;9.5;1.17;8.18;176.1282;"2211";"Prakticti Lekari";"Soukroma sfera"
"36";"2212 Lekari specialiste";11915;45293;17641;28168;61716;83745;49262;16.85;7.44;6.42;178.184;"2212";"Lekari Specialiste";"Soukroma sfera"
"37";"2221 Vseobecne sestry se specializaci";7534;29424;21903;25616;33277;38199;30165;10.49;12.08;6.45;171.373;"2221";"Vseobecne Sestry Se Specializaci";"Soukroma sfera"
"38";"2262 Farmaceuti";5059;39833;23056;28914;48712;57753;40501;17.49;1.46;7.01;175.6977;"2262";"Farmaceuti";"Soukroma sfera"
"39";"2265 Specialiste v oblasti dietetiky a vyzivy";231;23295;17659;19588;26914;30685;24118;10;5.92;6.49;174.7303;"2265";"Specialiste V Oblasti Dietetiky A Vyzivy";"Soukroma sfera"
"40";"2310 Ucitele na vysokych a vyssich odbornych skolach";18394;34221;22666;27416;46197;64053;40385;26.61;4.2;6.64;173.1138;"2310";"Ucitele Na Vysokych A Vyssich Odbornych Skolach";"Soukroma sfera"
"41";"2411 Specialiste v oblasti ucetnictvi";15867;36530;20796;27189;54662;80507;46539;16.09;0.93;5.94;171.5971;"2411";"Specialiste V Oblasti Ucetnictvi";"Soukroma sfera"
"42";"2412 Financni a investicni poradci a pribuzni specialiste";5514;48497;29738;36900;78711;134430;70692;30.23;1.21;6.46;172.7581;"2412";"Financni A Investicni Poradci A Pribuzni Specialiste";"Soukroma sfera"
"43";"2413 Financni analytici a specialiste v peneznictvi a pojistovnictvi";10054;45817;25712;33322;64980;96975;56298;19.13;1.87;6.67;172.6688;"2413";"Financni Analytici A Specialiste V Peneznictvi A Pojistovnictvi";"Soukroma sfera"
"44";"2422 Specialiste v oblasti strategie a politiky organizaci";10093;38016;17193;26218;60003;93296;49895;18.73;2.25;6.29;172.1417;"2422";"Specialiste V Oblasti Strategie A Politiky Organizaci";"Soukroma sfera"
"45";"2423 Specialiste v oblasti personalniho rizeni";3227;41028;26215;32145;56401;81059;50337;16.51;1.69;6.31;170.9018;"2423";"Specialiste V Oblasti Personalniho Rizeni";"Soukroma sfera"
"46";"2424 Specialiste v oblasti vzdelavani a rozvoje lidskych zdroju";772;45305;29526;35166;66076;88318;54270;17.78;3.82;6.1;170.2317;"2424";"Specialiste V Oblasti Vzdelavani A Rozvoje Lidskych Zdroju";"Soukroma sfera"
"47";"2431 Specialiste v oblasti reklamy a marketingu, pruzkumu trhu";12769;37677;20487;26969;55389;85285;48718;17.14;0.92;6.81;171.8041;"2431";"Specialiste V Oblasti Reklamy A Marketingu, Pruzkumu Trhu";"Soukroma sfera"
"48";"2434 Specialiste v oblasti prodeje a nakupu informacnich a komunikacnich technologii";2712;55136;30524;36627;87019;146374;76642;21.29;4.22;6.65;175.0085;"2434";"Specialiste V Oblasti Prodeje A Nakupu Informacnich A Komunikacnich Technologii";"Soukroma sfera"
"49";"2511 Systemovi analytici";6882;56413;30250;40704;82816;112601;66172;16.96;3.68;5.83;172.0764;"2511";"Systemovi Analytici";"Soukroma sfera"
"50";"2512 Vyvojari softwaru";7939;50834;30081;38578;74424;102819;60631;12.73;1.48;6.01;173.7315;"2512";"Vyvojari Softwaru";"Soukroma sfera"
"51";"2514 Programatori pocitacovych aplikaci specialiste";15502;45011;26130;33831;62790;85114;52492;16.19;3.13;6.02;173.5476;"2514";"Programatori Pocitacovych Aplikaci Specialiste";"Soukroma sfera"
"52";"2519 Specialiste v oblasti testovani softwaru a pribuzni pracovnici ";2103;48986;27673;35211;72467;101311;59657;11.47;3.37;6.29;172.52;"2519";"Specialiste V Oblasti Testovani Softwaru A Pribuzni Pracovnici";"Soukroma sfera"
"53";"2521 Navrhari a spravci databazi";1485;43939;18995;30040;65294;96148;51858;16.17;3.59;6.44;173.4545;"2521";"Navrhari A Spravci Databazi";"Soukroma sfera"
"54";"2522 Systemovi administratori, spravci pocitacovych siti ";10287;44740;26277;33926;63560;82301;51253;13.31;4.54;6.01;175.2956;"2522";"Systemovi Administratori, Spravci Pocitacovych Siti";"Soukroma sfera"
"55";"2523 Specialiste v oblasti pocitacovych siti (krome spravcu)";1005;52630;29463;38085;77308;95572;59956;15.57;4.35;5.79;171.9685;"2523";"Specialiste V Oblasti Pocitacovych Siti (krome Spravcu)";"Soukroma sfera"
"56";"2529 Specialiste v oblasti bezpecnosti dat a pribuzni pracovnici";363;59775;36989;45266;79389;110229;67815;14.17;3.05;5.4;171.8968;"2529";"Specialiste V Oblasti Bezpecnosti Dat A Pribuzni Pracovnici";"Soukroma sfera"
"57";"2611 Advokati, statni zastupci a pribuzni pracovnici";2714;16378;9940;10543;22531;35021;20017;2.29;0;6.69;174.4105;"2611";"Advokati, Statni Zastupci A Pribuzni Pracovnici";"Soukroma sfera"
"58";"2619 Podnikovi pravnici, ostatni specialiste v oblasti prava ";2706;47535;25856;32917;69903;101455;59268;18.69;1.63;6.85;170.8174;"2619";"Podnikovi Pravnici, Ostatni Specialiste V Oblasti Prava";"Soukroma sfera"
"59";"2631 Specialiste v oblasti ekonomie";4756;41944;22106;30551;58361;80037;49876;18.82;2.45;6.56;168.784;"2631";"Specialiste V Oblasti Ekonomie";"Soukroma sfera"
"60";"2632 Sociologove, antropologove a specialiste v pribuznych oborech";196;30560;19309;23897;40541;54327;34327;6.04;0.53;4.94;174.4663;"2632";"Sociologove, Antropologove A Specialiste V Pribuznych Oborech";"Soukroma sfera"
"61";"2635 Specialiste v oblasti socialni prace";1266;22469;15835;19187;28690;33158;24095;6.27;1.3;6.36;173.2521;"2635";"Specialiste V Oblasti Socialni Prace";"Soukroma sfera"
"62";"2636 Specialiste v cirkevni oblasti a v pribuznych oblastech";1598;20532;14219;17458;25333;30740;21972;12.77;4.27;3.78;173.3366;"2636";"Specialiste V Cirkevni Oblasti A V Pribuznych Oblastech";"Soukroma sfera"
"63";"2642 Redaktori, novinari a pribuzni pracovnici";4823;27996;14626;19996;37379;49716;31602;7.16;3.87;6.43;172.5031;"2642";"Redaktori, Novinari A Pribuzni Pracovnici";"Soukroma sfera"
"64";"2654 Reziseri, dramaturgove, produkcni a pribuzni specialiste";860;32781;10321;13183;44354;61098;35323;7.68;2.96;6.04;179.5127;"2654";"Reziseri, Dramaturgove, Produkcni A Pribuzni Specialiste";"Soukroma sfera"
"65";"2656 Moderatori v rozhlasu, televizi a ostatni moderatori";139;39243;29216;31523;51208;70661;46436;10.59;6.93;6.77;172.1731;"2656";"Moderatori V Rozhlasu, Televizi A Ostatni Moderatori";"Soukroma sfera"
"66";"3111 Technici v chemickych a fyzikalnich vedach (krome chemickeho inzenyrstvi)";2315;28707;20124;23701;36053;45366;31466;15.37;3.43;6.28;170.2277;"3111";"Technici V Chemickych A Fyzikalnich Vedach (krome Chemickeho Inzenyrstvi)";"Soukroma sfera"
"67";"3112 Stavebni technici";25187;25519;13138;18931;33533;43799;27955;15.24;1.47;6.98;172.9831;"3112";"Stavebni Technici";"Soukroma sfera"
"68";"3113 Elektrotechnici a technici energetici";18086;33283;19322;24421;44195;54552;35766;17.15;4.88;6.58;170.4568;"3113";"Elektrotechnici A Technici Energetici";"Soukroma sfera"
"69";"3114 Technici elektronici";7992;33160;19994;26411;43708;55299;36808;17.4;2.22;6.34;172.6676;"3114";"Technici Elektronici";"Soukroma sfera"
"70";"3115 Strojirensti technici";47150;30534;18791;24335;39122;51023;33202;16.62;2.15;5.82;171.8125;"3115";"Strojirensti Technici";"Soukroma sfera"
"71";"3116 Technici v chemickem inzenyrstvi a prib.oborech (gumar.,plastik.,potrav.,vodar.apod.)";9523;28273;18715;21671;36778;47281;31214;17.8;2.65;6.39;169.7902;"3116";"Technici V Chemickem Inzenyrstvi A Prib.oborech (gumar.,plastik.,potrav.,vodar.apod.)";"Soukroma sfera"
"72";"3117 Dulni, hutni, slevarensti technici ";2272;37039;25038;30061;43379;52987;38349;18.7;7.78;7.96;165.9584;"3117";"Dulni, Hutni, Slevarensti Technici";"Soukroma sfera"
"73";"3119 Technici v ostatnich oborech (textilni, kozedelny, polygraficky, drevarsky apod.)";19703;29908;17897;22785;38617;49634;32672;17.52;2.15;6.49;171.0124;"3119";"Technici V Ostatnich Oborech (textilni, Kozedelny, Polygraficky, Drevarsky Apod.)";"Soukroma sfera"
"74";"3121 Mistri a pribuzni pracovnici v oblasti tezby, hutni vyroby a slevarenstvi";2078;37868;27960;33042;43751;49113;39338;20.97;9.49;8.41;168.9552;"3121";"Mistri A Pribuzni Pracovnici V Oblasti Tezby, Hutni Vyroby A Slevarenstvi";"Soukroma sfera"
"75";"3122 Mistri a pribuzni pracovnici ve vyrobe (krome hutni vyroby a slevarenstvi)";44148;31981;19715;25648;41043;51833;34566;16.89;4.07;6.47;172.8503;"3122";"Mistri A Pribuzni Pracovnici Ve Vyrobe (krome Hutni Vyroby A Slevarenstvi)";"Soukroma sfera"
"76";"3123 Mistri a pribuzni pracovnici ve stavebnictvi";7861;24311;14605;18854;34828;44201;27974;15.55;1.49;7.03;174.9863;"3123";"Mistri A Pribuzni Pracovnici Ve Stavebnictvi";"Soukroma sfera"
"77";"3131 Operatori velinu na vyrobu a rozvod elektricke energie a tepla";326;36783;24633;26186;47049;61582;40068;18.32;11.08;7.33;166.588;"3131";"Operatori Velinu Na Vyrobu A Rozvod Elektricke Energie A Tepla";"Soukroma sfera"
"78";"3139 Operatori velinu montaznich linek, vyroby papiru, celulozy a jinych velinu";240;29580;22186;24318;36222;41783;31631;12.8;12.54;7.42;171.4886;"3139";"Operatori Velinu Montaznich Linek, Vyroby Papiru, Celulozy A Jinych Velinu";"Soukroma sfera"
"79";"3141 Technici a laboranti v biologickych a pribuznych oborech (krome zdravotnickych)";2199;24348;15727;19354;29260;41882;27108;16.97;1.62;6.22;172.2591;"3141";"Technici A Laboranti V Biologickych A Pribuznych Oborech (krome Zdravotnickych)";"Soukroma sfera"
"80";"3142 Technici v oblasti zemedelstvi, rybarstvi a vodohospodarstvi";8052;26148;18032;22212;30778;37634;27350;15.86;0.72;7.28;174.5611;"3142";"Technici V Oblasti Zemedelstvi, Rybarstvi A Vodohospodarstvi";"Soukroma sfera"
"81";"3143 Technici v oblasti lesnictvi a myslivosti";766;24955;15194;19967;31836;38794;26488;22.28;0.35;6.89;170.7602;"3143";"Technici V Oblasti Lesnictvi A Myslivosti";"Soukroma sfera"
"82";"3154 ridici letoveho provozu";337;181681;39527;86275;230268;269853;162331;17.22;18.27;15.79;154.0257;"3154";"Ridici Letoveho Provozu";"Soukroma sfera"
"83";"3211 Technici a asistenti pro obsluhu lekarskych zarizeni";1044;28497;21348;24520;35307;44093;30879;12.13;10.91;7.5;179.8284;"3211";"Technici A Asistenti Pro Obsluhu Lekarskych Zarizeni";"Soukroma sfera"
"84";"3212 Odborni laboranti a laboratorni asistenti v oblasti zdravotnictvi";3832;26766;20040;23091;31676;37805;28334;12.39;5.1;7.06;175.8819;"3212";"Odborni Laboranti A Laboratorni Asistenti V Oblasti Zdravotnictvi";"Soukroma sfera"
"85";"3213 Farmaceuticti asistenti";4775;24051;18494;21525;29961;36514;26068;16.3;0.86;7.45;175.7862;"3213";"Farmaceuticti Asistenti";"Soukroma sfera"
"86";"3221 Vseobecne sestry bez specializace";36237;21826;14039;17983;26626;30614;22421;10.19;5.56;7.23;171.5624;"3221";"Vseobecne Sestry Bez Specializace";"Soukroma sfera"
"87";"3222 Porodni asistentky bez specializace";1227;26695;22263;23050;29721;33117;27349;6.58;11.46;6.37;169.4823;"3222";"Porodni Asistentky Bez Specializace";"Soukroma sfera"
"88";"3255 Odborni pracovnici v oblasti rehabilitace";1880;22910;16321;19238;26436;29599;23063;11.86;2.46;7.37;168.2554;"3255";"Odborni Pracovnici V Oblasti Rehabilitace";"Soukroma sfera"
"89";"3256 Zdravotnicti asistenti (prakticke sestry)";1792;19701;16814;17866;22325;24924;20253;5.91;11.15;6.45;167.1381;"3256";"Zdravotnicti Asistenti (prakticke Sestry)";"Soukroma sfera"
"90";"3258 Zdravotnicti zachranari";144;27433;22385;24927;29419;32407;27348;9.63;17.61;6.59;171.9344;"3258";"Zdravotnicti Zachranari";"Soukroma sfera"
"91";"3259 Nutricni asistenti,ergoterapeuti bez specializace,ost.odborni zdravotnicti pracovnici";502;26882;19464;22280;36335;47699;30624;14.46;1.71;6.42;173.0729;"3259";"Nutricni Asistenti,ergoterapeuti Bez Specializace,ost.odborni Zdravotnicti Pracovnici";"Soukroma sfera"
"92";"3311 Zprostredkovatele financnich transakci a financni makleri ";1147;29400;21340;24061;42400;73013;41382;17.96;0.41;7.16;172.6167;"3311";"Zprostredkovatele Financnich Transakci A Financni Makleri";"Soukroma sfera"
"93";"3312 Odborni pracovnici v oblasti peneznictvi";12648;35176;23594;28716;46114;63477;41250;22.88;3.73;6.67;172.0204;"3312";"Odborni Pracovnici V Oblasti Peneznictvi";"Soukroma sfera"
"94";"3313 Odborni pracovnici v oblasti ucetnictvi, ekonomiky a personalistiky";67520;26940;16639;21130;35153;46141;30512;15.7;1.02;6.67;171.9515;"3313";"Odborni Pracovnici V Oblasti Ucetnictvi, Ekonomiky A Personalistiky";"Soukroma sfera"
"95";"3314 Odborni pracovnici v oblasti matematiky, statistiky a pojistne matematiky";280;36808;19898;28338;44707;60773;39622;16.43;1.8;6.2;168.985;"3314";"Odborni Pracovnici V Oblasti Matematiky, Statistiky A Pojistne Matematiky";"Soukroma sfera"
"96";"3321 Odborni pracovnici v oblasti pojistovnictvi";5578;29603;20436;24722;36063;47174;32901;22.97;1.53;6.74;169.8163;"3321";"Odborni Pracovnici V Oblasti Pojistovnictvi";"Soukroma sfera"
"97";"3322 Obchodni zastupci";55312;27315;11147;18892;44256;62969;34523;24.03;0.76;6.15;172.2388;"3322";"Obchodni Zastupci";"Soukroma sfera"
"98";"3323 Nakupci";16672;29397;16542;22021;37922;52364;33082;17.04;1.29;6.45;170.7565;"3323";"Nakupci";"Soukroma sfera"
"99";"3331 Odbytovi a prepravni agenti, celni deklaranti";9444;31428;19531;24519;40906;53085;35495;19.04;2;6.48;171.0498;"3331";"Odbytovi A Prepravni Agenti, Celni Deklaranti";"Soukroma sfera"
"100";"3333 Odborni pracovnici pracovnich agentur";473;15539;14138;15099;17377;22830;18129;13.74;0.46;7.89;171.2371;"3333";"Odborni Pracovnici Pracovnich Agentur";"Soukroma sfera"
"101";"3339 Obchodni,reklamacni referenti,pracovnici propagace,reklamy,ostatni zprostredkovatele";36139;26073;14020;19769;34837;48739;30039;18.29;1.04;6.41;171.3177;"3339";"Obchodni,reklamacni Referenti,pracovnici Propagace,reklamy,ostatni Zprostredkovatele";"Soukroma sfera"
"102";"3341 Vedouci v oblasti administrativnich agend";8599;33364;21987;26243;47139;69456;42120;19.51;2.29;6.75;171.1718;"3341";"Vedouci V Oblasti Administrativnich Agend";"Soukroma sfera"
"103";"3342 Odborni administrativni pracovnici v pravni oblasti";1320;29254;16885;22903;35319;42200;30785;16.29;1.03;5.99;170.9558;"3342";"Odborni Administrativni Pracovnici V Pravni Oblasti";"Soukroma sfera"
"104";"3343 Odborni pracovnici v administrative a sprave organizace";46386;27069;16458;20837;35672;46774;30466;15.28;1.67;6.68;171.6535;"3343";"Odborni Pracovnici V Administrative A Sprave Organizace";"Soukroma sfera"
"105";"3344 Odborni administrativni pracovnici v oblasti zdravotnictvi";480;20371;14269;17039;25034;34844;22517;6.66;3.73;6.37;172.7564;"3344";"Odborni Administrativni Pracovnici V Oblasti Zdravotnictvi";"Soukroma sfera"
"106";"3412 Odborni pracovnici v oblasti socialni prace";1658;19883;14145;17260;23013;26841;20616;7.42;2.51;5.64;172.6375;"3412";"Odborni Pracovnici V Oblasti Socialni Prace";"Soukroma sfera"
"107";"3432 Aranzeri a pribuzni pracovnici";3127;19055;10250;11681;23911;31603;19891;8.99;1.31;5.85;173.0927;"3432";"Aranzeri A Pribuzni Pracovnici";"Soukroma sfera"
"108";"3434 sefkuchari a sefcukrari";1055;22875;12090;15794;30347;43646;26312;15.47;2.77;5.25;174.9686;"3434";"Sefkuchari A Sefcukrari";"Soukroma sfera"
"109";"3511 Technici provozu ICT, technici programatori";12842;30895;13514;20712;46036;70655;37837;16.79;4.11;5.76;173.8419;"3511";"Technici Provozu ICT, Technici Programatori";"Soukroma sfera"
"110";"3512 Technici uzivatelske podpory informacnich a komunikacnich technologii";9544;35485;17987;25657;46686;67609;40311;10.62;3.61;6.44;172.692;"3512";"Technici Uzivatelske Podpory Informacnich A Komunikacnich Technologii";"Soukroma sfera"
"111";"3513 Technici pocitacovych siti a systemu";4668;36365;18998;25340;46235;61893;39152;15.69;3.72;5.87;172.1626;"3513";"Technici Pocitacovych Siti A Systemu";"Soukroma sfera"
"112";"3521 Technici v oblasti vysilani a audiovizualnich zaznamu";1397;31192;21724;26634;36365;41984;32180;4.5;10.98;6.38;171.1478;"3521";"Technici V Oblasti Vysilani A Audiovizualnich Zaznamu";"Soukroma sfera"
"113";"3522 Technici v oblasti telekomunikaci a radiokomunikaci";2243;29486;22838;23635;41606;62123;37123;14.47;5.35;5.23;175.0206;"3522";"Technici V Oblasti Telekomunikaci A Radiokomunikaci";"Soukroma sfera"
"114";"4110 Vseobecni administrativni pracovnici";64032;18958;10815;13021;25611;34907;21542;12.31;0.74;6.72;173.3535;"4110";"Vseobecni Administrativni Pracovnici";"Soukroma sfera"
"115";"4120 Sekretari (vseobecni)";20808;20621;11862;15518;26998;34863;22757;12.38;0.94;6.94;173.0315;"4120";"Sekretari (vseobecni)";"Soukroma sfera"
"116";"4132 Pracovnici pro zadavani dat";4748;23297;16174;19253;29570;38371;25949;12.57;1.82;7.49;172.4578;"4132";"Pracovnici Pro Zadavani Dat";"Soukroma sfera"
"117";"4211 Pokladnici ve financnich institucich, na postach a pracovnici v pribuznych oborech";11252;22129;17971;20416;24507;27341;22454;19.19;2.26;7.23;164.7484;"4211";"Pokladnici Ve Financnich Institucich, Na Postach A Pracovnici V Pribuznych Oborech";"Soukroma sfera"
"118";"4212 Bookmakeri, krupieri a pracovnici v pribuznych oborech";3908;19668;14003;16176;26119;34985;22649;26.45;3.52;6.14;169.9259;"4212";"Bookmakeri, Krupieri A Pracovnici V Pribuznych Oborech";"Soukroma sfera"
"119";"4222 Pracovnici v zakaznickych kontaktnich centrech";12371;25249;16998;19890;31926;39853;27912;14.63;3.03;7.5;171.418;"4222";"Pracovnici V Zakaznickych Kontaktnich Centrech";"Soukroma sfera"
"120";"4223 Operatori telefonnich panelu";1193;21752;12236;16671;27493;32607;22626;18.42;3.79;6.41;168.2658;"4223";"Operatori Telefonnich Panelu";"Soukroma sfera"
"121";"4224 Recepcni v hotelich a dalsich ubytovacich zarizenich";3512;18694;11503;14545;21584;25651;18995;10.85;3.08;6.54;171.6147;"4224";"Recepcni V Hotelich A Dalsich Ubytovacich Zarizenich";"Soukroma sfera"
"122";"4225 Pracovnici v informacnich kancelarich";704;20234;16555;18423;23378;30349;21688;7.74;6.46;8.23;170.4549;"4225";"Pracovnici V Informacnich Kancelarich";"Soukroma sfera"
"123";"4226 Recepcni (krome recepcnich v hotelich a dalsich ubytovacich zarizenich)";5530;19144;11962;15177;23739;28099;19991;11.57;1.64;6.66;175.0495;"4226";"Recepcni (krome Recepcnich V Hotelich A Dalsich Ubytovacich Zarizenich)";"Soukroma sfera"
"124";"4311 urednici v oblasti ucetnictvi";37928;21085;12474;16413;26434;33701;22804;14.9;0.4;6.75;172.2908;"4311";"Urednici V Oblasti Ucetnictvi";"Soukroma sfera"
"125";"4312 urednici v oblasti statistiky, financnictvi a pojistovnictvi";2791;31975;19909;23514;42244;56784;36158;15.05;3.87;6.37;171.7383;"4312";"Urednici V Oblasti Statistiky, Financnictvi A Pojistovnictvi";"Soukroma sfera"
"126";"4313 Mzdovi ucetni";2613;24885;14985;18354;30492;39591;26202;13.21;0.73;6.59;174.0072;"4313";"Mzdovi Ucetni";"Soukroma sfera"
"127";"4321 urednici ve skladech";29390;22307;15089;18048;27606;33909;23774;17.29;2.97;7.3;173.2981;"4321";"Urednici Ve Skladech";"Soukroma sfera"
"128";"4322 urednici ve vyrobe";6973;26851;16892;20840;35287;43756;29466;15.33;2.42;6.5;170.9508;"4322";"Urednici Ve Vyrobe";"Soukroma sfera"
"129";"4323 Pracovnici v doprave a preprave";25109;30738;14974;23241;35559;41264;29937;11.06;6.83;7.48;170.5279;"4323";"Pracovnici V Doprave A Preprave";"Soukroma sfera"
"130";"4412 Pracovnici postovniho provozu (krome uredniku na prepazkach)";13282;18230;16142;17009;20285;23171;19116;14.75;2.57;7.65;162.6773;"4412";"Pracovnici Postovniho Provozu (krome Uredniku Na Prepazkach)";"Soukroma sfera"
"131";"4415 Pracovnici evidence dat a archivu";539;23484;16301;20218;30193;37526;25922;13.95;1.99;6.81;168.682;"4415";"Pracovnici Evidence Dat A Archivu";"Soukroma sfera"
"132";"4416 Personalni referenti";3195;29272;17938;23485;37016;47025;31922;15.13;1.7;6.19;170.8038;"4416";"Personalni Referenti";"Soukroma sfera"
"133";"5111 Stevardi a jini obsluzni pracovnici v doprave";1986;22799;17250;20267;27036;35718;25092;7.58;20.43;6.9;167.7436;"5111";"Stevardi A Jini Obsluzni Pracovnici V Doprave";"Soukroma sfera"
"134";"5112 Pruvodci a pribuzni pracovnici v osobni doprave";3018;31043;27291;29393;32991;35784;31307;10.15;20.45;11.12;165.9176;"5112";"Pruvodci A Pribuzni Pracovnici V Osobni Doprave";"Soukroma sfera"
"135";"5120 Kuchari (krome sefkucharu), pomocni kuchari";30641;12460;10008;10950;16970;22598;14837;7.61;1.91;6.65;174.0153;"5120";"Kuchari (krome Sefkucharu), Pomocni Kuchari";"Soukroma sfera"
"136";"5131 cisnici a servirky";28642;11280;9939;10543;13803;19206;13000;4.71;0.88;7.67;174.7887;"5131";"Cisnici A Servirky";"Soukroma sfera"
"137";"5142 Kosmetici a pracovnici v pribuznych oborech";1149;17450;10309;12526;22809;27152;18642;9.29;3.05;6.92;174.7135;"5142";"Kosmetici A Pracovnici V Pribuznych Oborech";"Soukroma sfera"
"138";"5151 Vedouci provozu stravovacich, ubytovacich a dalsich zarizeni";11770;16677;10681;12495;24234;32416;20115;10.45;1.13;5.62;172.4801;"5151";"Vedouci Provozu Stravovacich, Ubytovacich A Dalsich Zarizeni";"Soukroma sfera"
"139";"5153 Spravci objektu";6102;19363;10591;12942;25252;33904;20872;10.35;0.97;6.46;173.7511;"5153";"Spravci Objektu";"Soukroma sfera"
"140";"5169 Pracovnici v oblasti osobnich sluzeb jinde neuvedeni";649;15215;10997;12472;17829;20424;16042;7.79;2.6;6.07;191.2138;"5169";"Pracovnici V Oblasti Osobnich Sluzeb Jinde Neuvedeni";"Soukroma sfera"
"141";"5222 Vedouci pracovnich tymu v prodejnach";21530;24100;13736;17173;32893;45342;27621;15.94;4.9;6.73;175.063;"5222";"Vedouci Pracovnich Tymu V Prodejnach";"Soukroma sfera"
"142";"5223 Prodavaci v prodejnach";139847;15717;11027;12564;19912;24713;17319;12.51;3.52;6.85;174.5195;"5223";"Prodavaci V Prodejnach";"Soukroma sfera"
"143";"5230 Pokladnici a prodavaci vstupenek a jizdenek";14832;17703;12004;14560;21850;25776;18496;9.6;7.74;7.53;171.2143;"5230";"Pokladnici A Prodavaci Vstupenek A Jizdenek";"Soukroma sfera"
"144";"5245 Obsluha cerpacich stanic a mycich linek dopravnich prostredku";9235;14058;10324;11656;16491;19051;14693;10.48;1.09;6.92;179.2773;"5245";"Obsluha Cerpacich Stanic A Mycich Linek Dopravnich Prostredku";"Soukroma sfera"
"145";"5246 Obsluha v zarizenich rychleho obcerstveni";1689;16511;12447;14399;19575;24545;17753;6.14;5.58;5.92;171.7251;"5246";"Obsluha V Zarizenich Rychleho Obcerstveni";"Soukroma sfera"
"146";"5321 Osetrovatele a pracovnici v socialnich sluzbach v oblasti pobytove pece";6018;17946;14891;16039;20573;22112;18483;8.83;6.4;6.65;168.8195;"5321";"Osetrovatele A Pracovnici V Socialnich Sluzbach V Oblasti Pobytove Pece";"Soukroma sfera"
"147";"5322 Osetrovatele a prac.socialnich sluzeb v obl. ambulantnich,terennich sluzeb,domaci pece ";1449;15650;12999;14303;17493;19999;16036;6.72;4.19;6.65;174.1681;"5322";"Osetrovatele A Prac.socialnich Sluzeb V Obl. Ambulantnich,terennich Sluzeb,domaci Pece";"Soukroma sfera"
"148";"5329 Pracovnici osobni pece ve zdravotni a socialni oblasti jinde neuvedeni";9150;16457;13061;14579;18688;21785;17100;9.26;7.83;6.75;172.1381;"5329";"Pracovnici Osobni Pece Ve Zdravotni A Socialni Oblasti Jinde Neuvedeni";"Soukroma sfera"
"149";"5411 Hasici podnikovych sboru";2906;30399;22486;25451;37245;43824;32053;9.92;17.34;7.83;168.2382;"5411";"Hasici Podnikovych Sboru";"Soukroma sfera"
"150";"5414 Pracovnici ostrahy a bezpecnostnich agentur";35409;12315;10677;11233;14720;19374;14173;7.47;4.84;6.36;169.9196;"5414";"Pracovnici Ostrahy A Bezpecnostnich Agentur";"Soukroma sfera"
"151";"6113 Zahradnici a pestitele v zahradnickych skolkach";2550;12242;10264;10730;17634;21261;15044;11.72;1.23;6.52;173.0511;"6113";"Zahradnici A Pestitele V Zahradnickych Skolkach";"Soukroma sfera"
"152";"6121 Chovatele hospodarskych zvirat (krome drubeze)";13742;20658;12567;17476;24624;28986;21112;16.05;1.07;8.09;181.4786;"6121";"Chovatele Hospodarskych Zvirat (krome Drubeze)";"Soukroma sfera"
"153";"6210 Kvalifikovani pracovnici v lesnictvi a pribuznych oblastech";1558;19227;13846;15410;22810;26592;19927;16.79;1.93;9.01;172.2932;"6210";"Kvalifikovani Pracovnici V Lesnictvi A Pribuznych Oblastech";"Soukroma sfera"
"154";"7112 Zednici, kamnari, dlazdici a monteri suchych staveb";17059;18059;11362;14801;21451;24903;18360;13.1;1.44;8.95;177.8604;"7112";"Zednici, Kamnari, Dlazdici A Monteri Suchych Staveb";"Soukroma sfera"
"155";"7115 Tesari a stavebni truhlari";5034;18852;14834;17453;23662;28280;20536;12.74;1.54;8.82;178.3327;"7115";"Tesari A Stavebni Truhlari";"Soukroma sfera"
"156";"7119 Ostatni remeslnici a kvalifikovani pracovnici hlavni stavebni vyroby";17079;19657;11407;16053;23991;29400;20649;13.88;2.03;8.61;178.1799;"7119";"Ostatni Remeslnici A Kvalifikovani Pracovnici Hlavni Stavebni Vyroby";"Soukroma sfera"
"157";"7126 Instalateri, potrubari, stavebni zamecnici a stavebni klempiri";12587;23301;14391;19292;27090;30568;23355;15.78;4.06;7.99;172.539;"7126";"Instalateri, Potrubari, Stavebni Zamecnici A Stavebni Klempiri";"Soukroma sfera"
"158";"7132 Lakyrnici a nateraci (krome stavebnich)";6461;26319;16170;20676;32513;41866;27410;17.97;5.04;6.71;173.8945;"7132";"Lakyrnici A Nateraci (krome Stavebnich)";"Soukroma sfera"
"159";"7211 Modelari, formiri, jadrari a slevaci ve slevarnach ";2350;24847;18168;21771;27975;32969;25222;20.16;8.86;7.88;171.9243;"7211";"Modelari, Formiri, Jadrari A Slevaci Ve Slevarnach";"Soukroma sfera"
"160";"7212 Svareci, rezaci plamenem a pajeci";21450;26696;17585;22210;32938;38957;27723;17.96;4.9;7.91;173.6654;"7212";"Svareci, Rezaci Plamenem A Pajeci";"Soukroma sfera"
"161";"7213 Pracovnici na zpracovani plechu ";5842;25092;12957;19418;34848;42730;26953;18.45;4.21;6.2;172.2936;"7213";"Pracovnici Na Zpracovani Plechu";"Soukroma sfera"
"162";"7214 Monteri kovovych konstrukci";4263;24272;14665;19517;29592;35939;24914;20.01;2.76;8.56;177.6665;"7214";"Monteri Kovovych Konstrukci";"Soukroma sfera"
"163";"7221 Kovari";623;28663;20129;23484;34828;41770;29792;21.16;15.84;7.35;168.9462;"7221";"Kovari";"Soukroma sfera"
"164";"7222 Nastrojari a pribuzni pracovnici";86667;23209;15116;19053;28790;35799;24603;15.92;4.66;7.74;173.6352;"7222";"Nastrojari A Pribuzni Pracovnici";"Soukroma sfera"
"165";"7223 Serizovaci a obsluha obrabecich stroju (krome drevoobrabecich)";61257;26314;16922;21239;32455;39928;27552;16.43;5.23;6.72;173.1928;"7223";"Serizovaci A Obsluha Obrabecich Stroju (krome Drevoobrabecich)";"Soukroma sfera"
"166";"7224 Brusici, lestici a ostrici nastroju a kovu";3097;24041;18171;20663;28144;33341;25010;16.37;6.88;7.16;174.7757;"7224";"Brusici, Lestici A Ostrici Nastroju A Kovu";"Soukroma sfera"
"167";"7231 Mechanici a opravari motorovych vozidel";27520;21230;10608;13647;27555;36435;22208;19.34;1.6;6.86;175.966;"7231";"Mechanici A Opravari Motorovych Vozidel";"Soukroma sfera"
"168";"7232 Mechanici a opravari leteckych motoru a zarizeni";769;36429;23165;28779;46266;57654;37963;7.83;8.26;8.43;176.3111;"7232";"Mechanici A Opravari Leteckych Motoru A Zarizeni";"Soukroma sfera"
"169";"7233 Mechanici a opravari zemedelskych, prumyslovych a jinych stroju a zarizeni";34083;26014;17444;21235;31702;38697;27241;17.34;5.86;7.37;174.386;"7233";"Mechanici A Opravari Zemedelskych, Prumyslovych A Jinych Stroju A Zarizeni";"Soukroma sfera"
"170";"7315 Sklari, brusici skla, vyrobci bizuterie a sklenenych ozdob";1512;19907;11951;16497;23590;28668;20603;18.95;8.13;7.41;168.0754;"7315";"Sklari, Brusici Skla, Vyrobci Bizuterie A Sklenenych Ozdob";"Soukroma sfera"
"171";"7321 Pracovnici pripravy tisku";924;21679;10575;12281;27229;31571;21176;16.87;4.16;6.78;170.0787;"7321";"Pracovnici Pripravy Tisku";"Soukroma sfera"
"172";"7322 Tiskari";3957;26250;15556;20773;32917;42844;27598;19.53;3.72;7.31;171.0318;"7322";"Tiskari";"Soukroma sfera"
"173";"7323 Pracovnici konecne upravy tisku a vazaci knih";1192;22923;14806;18049;26712;31808;23039;16.32;6.04;6.55;172.456;"7323";"Pracovnici Konecne Upravy Tisku A Vazaci Knih";"Soukroma sfera"
"174";"7411 Stavebni a provozni elektrikari";7365;24156;16037;19738;29827;36661;25457;15.67;5.31;7.83;175.626;"7411";"Stavebni A Provozni Elektrikari";"Soukroma sfera"
"175";"7412 Elektromechanici";30909;26281;17079;21126;32603;39406;27482;15.49;7.09;7.71;172.4417;"7412";"Elektromechanici";"Soukroma sfera"
"176";"7413 Monteri a opravari elektrickych vedeni";4681;29044;18736;23911;37875;45065;30374;12.88;11.26;6.87;174.172;"7413";"Monteri A Opravari Elektrickych Vedeni";"Soukroma sfera"
"177";"7421 Mechanici a opravari elektronickych pristroju";10261;27883;17551;22264;35146;44698;29475;15.92;6.1;6.74;172.8889;"7421";"Mechanici A Opravari Elektronickych Pristroju";"Soukroma sfera"
"178";"7511 Zpracovatele masa, ryb a pribuzni pracovnici ";4788;18951;12050;14045;22461;26719;19211;14.11;4.26;7.47;175.2444;"7511";"Zpracovatele Masa, Ryb A Pribuzni Pracovnici";"Soukroma sfera"
"179";"7512 Pekari, cukrari (krome sefcukraru) a vyrobci cukrovinek ";7289;15840;11238;12400;18412;21905;16173;10.57;4.93;7.63;175.0462;"7512";"Pekari, Cukrari (krome Sefcukraru) A Vyrobci Cukrovinek";"Soukroma sfera"
"180";"7514 Zpracovatele ovoce, zeleniny a pribuznych produktu";448;16835;14590;15719;18572;20770;17242;13.9;2.78;13.91;167.7975;"7514";"Zpracovatele Ovoce, Zeleniny A Pribuznych Produktu";"Soukroma sfera"
"181";"7515 Ochutnavaci, degustatori a kontrolori kvality potravin a napoju a pribuzni pracovnici";1135;21242;12041;12416;28777;34627;22638;10.15;5.25;7.72;173.755;"7515";"Ochutnavaci, Degustatori A Kontrolori Kvality Potravin A Napoju A Pribuzni Pracovnici";"Soukroma sfera"
"182";"7522 Truhlari (krome stavebnich) a pracovnici v pribuznych oborech";13227;15812;10806;12075;19404;23601;16529;13.01;0.81;8.28;174.6978;"7522";"Truhlari (krome Stavebnich) A Pracovnici V Pribuznych Oborech";"Soukroma sfera"
"183";"7532 Modelari odevu, strihaci a pribuzni pracovnici";559;21798;13468;16986;28661;32971;23060;31.29;7.73;7.66;174.5145;"7532";"Modelari Odevu, Strihaci A Pribuzni Pracovnici";"Soukroma sfera"
"184";"7533 svadleny, sicky, vysivaci a pracovnici v pribuznych oborech";4986;14066;10529;11871;17363;20551;15021;17.17;1.4;7.85;172.1326;"7533";"Svadleny, Sicky, Vysivaci A Pracovnici V Pribuznych Oborech";"Soukroma sfera"
"185";"7542 Strelmistri";140;36135;31336;33590;38406;41637;36010;15.11;7.53;12.65;174.2305;"7542";"Strelmistri";"Soukroma sfera"
"186";"7543 Kvalitari a testovaci vyrobku, laboranti (krome potravin a napoju)";17397;23842;15534;19183;29835;36286;25263;15.93;6.97;6.78;170.4289;"7543";"Kvalitari A Testovaci Vyrobku, Laboranti (krome Potravin A Napoju)";"Soukroma sfera"
"187";"8111 Obsluha dulnich zarizeni (vcetne horniku)";7090;31193;17316;26548;36671;42336;31134;17.78;11.25;12.23;167.8217;"8111";"Obsluha Dulnich Zarizeni (vcetne Horniku)";"Soukroma sfera"
"188";"8112 Obsluha zarizeni na upravu rudnych a nerudnych surovin";1767;24675;20064;22318;27739;30672;25218;16.11;11.01;8.61;167.6504;"8112";"Obsluha Zarizeni Na Upravu Rudnych A Nerudnych Surovin";"Soukroma sfera"
"189";"8114 Obsluha stroju na vyrobu vyrobku z cementu, kamene a ostatnich nerostu ";3176;26757;19404;21697;33402;38510;28208;19.57;3.78;9.19;178.455;"8114";"Obsluha Stroju Na Vyrobu Vyrobku Z Cementu, Kamene A Ostatnich Nerostu";"Soukroma sfera"
"190";"8121 Obsluha zarizeni na zpracovani kovu ";25622;25237;16891;20838;30275;35350;25996;16.14;11.74;6.95;171.0195;"8121";"Obsluha Zarizeni Na Zpracovani Kovu";"Soukroma sfera"
"191";"8122 Obsluha lakovacich a jinych zarizeni na povrchovou upravu kovu a jinych materialu";4635;21956;16207;18961;26596;31915;23198;19.71;6.56;7.01;172.0538;"8122";"Obsluha Lakovacich A Jinych Zarizeni Na Povrchovou Upravu Kovu A Jinych Materialu";"Soukroma sfera"
"192";"8131 Obsluha stroju a zarizeni pro chemickou vyrobu";11436;25277;17446;20169;29822;35693;25998;15.68;12.27;7.48;167.0846;"8131";"Obsluha Stroju A Zarizeni Pro Chemickou Vyrobu";"Soukroma sfera"
"193";"8132 Obsluha stroju a zarizeni na vyrobu a zpracovani fotografickych materialu";159;19108;14215;16468;24122;28497;20517;16.03;5.63;5.68;165.1424;"8132";"Obsluha Stroju A Zarizeni Na Vyrobu A Zpracovani Fotografickych Materialu";"Soukroma sfera"
"194";"8141 Obsluha stroju na vyrobu a zpracovani vyrobku z pryze";10310;26923;18693;21640;34801;40253;28402;19.67;10.79;7.64;171.9703;"8141";"Obsluha Stroju Na Vyrobu A Zpracovani Vyrobku Z Pryze";"Soukroma sfera"
"195";"8142 Obsluha stroju na vyrobu a zpracovani vyrobku z plastu";27524;21136;14724;17278;25007;30888;21895;16.57;5.46;6.73;170.4665;"8142";"Obsluha Stroju Na Vyrobu A Zpracovani Vyrobku Z Plastu";"Soukroma sfera"
"196";"8143 Obsluha stroju na vyrobu a zpracovani vyrobku z papiru";2564;21728;13000;18074;27896;33588;23225;13.87;8.89;8.15;168.9402;"8143";"Obsluha Stroju Na Vyrobu A Zpracovani Vyrobku Z Papiru";"Soukroma sfera"
"197";"8151 Obsluha stroju na upravu vlaken, dopradani a navijeni prize a niti";1294;21871;17246;19526;24253;27301;22669;19.93;16.11;5.67;172.9512;"8151";"Obsluha Stroju Na Upravu Vlaken, Dopradani A Navijeni Prize A Niti";"Soukroma sfera"
"198";"8153 Obsluha sicich a vysivacich stroju";3703;23179;13920;17324;26715;30050;22339;27.73;9.97;7.11;175.8337;"8153";"Obsluha Sicich A Vysivacich Stroju";"Soukroma sfera"
"199";"8156 Obsluha stroju na vyrobu obuvi a pribuznych vyrobku";400;15751;13005;14282;17564;19939;16198;11.18;3.32;5.84;171.9563;"8156";"Obsluha Stroju Na Vyrobu Obuvi A Pribuznych Vyrobku";"Soukroma sfera"
"200";"8159 Obsluha stroju na vyrobu, upravu textilnich, kozenych, kozesinovych vyrobku j. n.";2089;19304;14127;17084;22355;26908;20206;15.25;8.68;6.4;171.2423;"8159";"Obsluha Stroju Na Vyrobu, Upravu Textilnich, Kozenych, Kozesinovych Vyrobku J. N.";"Soukroma sfera"
"201";"8160 Obsluha stroju na vyrobu potravin a pribuznych vyrobku";17213;20558;13963;17082;24754;29111;21297;15.32;4.52;8.28;174.5385;"8160";"Obsluha Stroju Na Vyrobu Potravin A Pribuznych Vyrobku";"Soukroma sfera"
"202";"8171 Obsluha stroju a zarizeni na vyrobu a zpracovani papiru";844;26793;16311;21489;32884;38845;27496;19.3;5.7;7.58;170.6149;"8171";"Obsluha Stroju A Zarizeni Na Vyrobu A Zpracovani Papiru";"Soukroma sfera"
"203";"8172 Obsluha automatizovanych stroju a zarizeni na prvotni zpracovani dreva";2781;21624;15042;17943;26193;31603;22667;20.94;5.66;6.01;174.9724;"8172";"Obsluha Automatizovanych Stroju A Zarizeni Na Prvotni Zpracovani Dreva";"Soukroma sfera"
"204";"8181 Obsluha stroju a zarizeni na vyrobu skla, keramiky a stavebnin";12941;27513;18239;22525;32938;36816;27870;17.63;9.27;7.81;168.15;"8181";"Obsluha Stroju A Zarizeni Na Vyrobu Skla, Keramiky A Stavebnin";"Soukroma sfera"
"205";"8182 Obsluha parnich turbin, kotlu a pribuznych zarizeni";3933;26185;15417;20679;29986;35791;25830;14.54;9.5;7.18;175.4584;"8182";"Obsluha Parnich Turbin, Kotlu A Pribuznych Zarizeni";"Soukroma sfera"
"206";"8183 Obsluha stroju na baleni, plneni a etiketovani";3744;19342;14188;16484;23858;27917;20493;15.43;5.92;7.36;170.5769;"8183";"Obsluha Stroju Na Baleni, Plneni A Etiketovani";"Soukroma sfera"
"207";"8189 Obsluha stacionarnich stroju a zarizeni jinde neuvedena";18967;24882;16110;20523;30563;37971;26121;15.9;10.52;6.78;169.7595;"8189";"Obsluha Stacionarnich Stroju A Zarizeni Jinde Neuvedena";"Soukroma sfera"
"208";"8211 Montazni delnici mechanickych zarizeni";38956;23796;16222;19888;28231;32558;24253;15.34;8.9;6.12;170.7041;"8211";"Montazni Delnici Mechanickych Zarizeni";"Soukroma sfera"
"209";"8212 Montazni delnici elektrickych, energetickych a elektronickych zarizeni";38023;20137;14466;17084;24546;29538;21644;15.21;6.12;6.84;170.806;"8212";"Montazni Delnici Elektrickych, Energetickych A Elektronickych Zarizeni";"Soukroma sfera"
"210";"8219 Montazni delnici ostatnich vyrobku";59981;21611;14261;17092;27123;35033;23068;17.17;5.49;6.25;171.9029;"8219";"Montazni Delnici Ostatnich Vyrobku";"Soukroma sfera"
"211";"8311 Strojvedouci a ridici kolejovych motorovych voziku";7161;36734;28324;34156;39922;44403;36791;9.36;16.44;10.38;169.4183;"8311";"Strojvedouci A Ridici Kolejovych Motorovych Voziku";"Soukroma sfera"
"212";"8312 Signalisti, brzdari, vyhybkari, posunovaci a pribuzni pracovnici";7230;26465;21640;24203;29173;32139;26859;9.15;12.66;9.61;165.4465;"8312";"Signalisti, Brzdari, Vyhybkari, Posunovaci A Pribuzni Pracovnici";"Soukroma sfera"
"213";"8322 ridici osobnich a malych dodavkovych automobilu, taxikari ";13949;19152;11018;13514;23851;28600;19689;13.98;2.36;6.68;175.4449;"8322";"Ridici Osobnich A Malych Dodavkovych Automobilu, Taxikari";"Soukroma sfera"
"214";"8331 ridici autobusu, trolejbusu a tramvaji";15747;26559;20976;23362;33651;36588;27766;8.8;15.91;7.54;188.1348;"8331";"Ridici Autobusu, Trolejbusu A Tramvaji";"Soukroma sfera"
"215";"8332 ridici nakladnich automobilu, tahacu a specialnich vozidel";101991;19064;12148;14048;24790;29878;20157;17.92;2.09;7.24;179.1932;"8332";"Ridici Nakladnich Automobilu, Tahacu A Specialnich Vozidel";"Soukroma sfera"
"216";"8341 ridici a obsluha zemedelskych a lesnickych stroju";15118;21177;15074;17681;24320;27086;21355;16.06;0.55;9.41;185.6652;"8341";"Ridici A Obsluha Zemedelskych A Lesnickych Stroju";"Soukroma sfera"
"217";"8342 Obsluha zeleznicnich, zemnich a pribuznych stroju a zarizeni";10355;24558;17744;21096;28635;34541;25410;19.89;4.21;9.07;179.2799;"8342";"Obsluha Zeleznicnich, Zemnich A Pribuznych Stroju A Zarizeni";"Soukroma sfera"
"218";"8343 Obsluha jerabu, zdvihacich a podobnych manipulacnich zarizeni";4696;22352;13565;17954;26810;31607;22824;14.72;10.38;7.88;172.3026;"8343";"Obsluha Jerabu, Zdvihacich A Podobnych Manipulacnich Zarizeni";"Soukroma sfera"
"219";"8344 Obsluha vysokozdviznych a jinych voziku a skladnici";65667;22395;15170;18845;26806;33218;23401;17.6;4.53;6.77;172.9468;"8344";"Obsluha Vysokozdviznych A Jinych Voziku A Skladnici";"Soukroma sfera"
"220";"9112 Uklizeci a pomocnici v hotelich, administrativnich, prumyslovych a jinych objektech";42867;12112;10049;10618;14809;18135;13356;10.71;1.33;6.29;172.5417;"9112";"Uklizeci A Pomocnici V Hotelich, Administrativnich, Prumyslovych A Jinych Objektech";"Soukroma sfera"
"221";"9311 Pomocni pracovnici v oblasti tezby";808;22984;17335;19953;24878;27865;22809;13.69;9.34;9.59;165.6418;"9311";"Pomocni Pracovnici V Oblasti Tezby";"Soukroma sfera"
"222";"9312 Figuranti, delnici vykopovych praci a delnici v oblasti vystavby inzenyrskych del";1836;23684;16297;18537;28203;33654;24237;22.91;3.52;8.03;181.3476;"9312";"Figuranti, Delnici Vykopovych Praci A Delnici V Oblasti Vystavby Inzenyrskych Del";"Soukroma sfera"
"223";"9313 Delnici v oblasti vystavby budov";7549;13764;10023;10287;18179;22566;14990;15.64;0.29;7.71;177.3654;"9313";"Delnici V Oblasti Vystavby Budov";"Soukroma sfera"
"224";"9321 Rucni balici, plnici a etiketovaci";6187;17201;12074;14190;20528;25682;18238;10.78;4.38;7.31;172.1731;"9321";"Rucni Balici, Plnici A Etiketovaci";"Soukroma sfera"
"225";"9329 Manipulacni a ostatni pomocni delnici ve vyrobe";54840;18124;10950;14035;22609;27042;18862;14;4.96;6.88;172.1834;"9329";"Manipulacni A Ostatni Pomocni Delnici Ve Vyrobe";"Soukroma sfera"
"226";"9333 Pomocni manipulacni pracovnici (krome vyroby)";25145;18510;12488;15196;22687;27092;19523;13.88;3.92;7.48;173.2245;"9333";"Pomocni Manipulacni Pracovnici (krome Vyroby)";"Soukroma sfera"
"227";"9411 Pracovnici pro pripravu rychleho obcerstveni ";230;14754;10203;12660;18148;20003;15333;12.84;2.11;4.85;172.1042;"9411";"Pracovnici Pro Pripravu Rychleho Obcerstveni";"Soukroma sfera"
"228";"9412 Pomocnici v kuchyni";2960;12466;10026;11126;14435;16728;13035;8.34;3.45;5.43;173.5652;"9412";"Pomocnici V Kuchyni";"Soukroma sfera"
"229";"9611 Pracovnici odvozu a recyklace odpadu";1572;18023;10871;15309;21603;25437;18462;9.73;7.3;8.16;176.7019;"9611";"Pracovnici Odvozu A Recyklace Odpadu";"Soukroma sfera"
"230";"9613 Uklizeci verejnych prostranstvi, cistici kanalizaci a pribuzni pracovnici";2525;16555;10005;11990;23076;27338;17650;13.33;5.82;7.06;173.1729;"9613";"Uklizeci Verejnych Prostranstvi, Cistici Kanalizaci A Pribuzni Pracovnici";"Soukroma sfera"
"231";"9621 Kuryri, dorucovatele baliku a nosici zavazadel";370;14588;11253;11310;17826;21191;15268;9.68;3.66;5.93;171.2898;"9621";"Kuryri, Dorucovatele Baliku A Nosici Zavazadel";"Soukroma sfera"
"232";"9622 Pomocni pracovnici udrzby budov a souvisejicich prostor";1779;15216;11221;12844;19035;24490;16796;12.01;1.63;6.48;173.5959;"9622";"Pomocni Pracovnici Udrzby Budov A Souvisejicich Prostor";"Soukroma sfera"
"233";"9623 Pracovnici provadejici odecet meridel a vyberci penez z prodejnich automatu ";327;22955;18025;19343;24284;25922;22684;19.24;4.46;5.75;163.6774;"9623";"Pracovnici Provadejici Odecet Meridel A Vyberci Penez Z Prodejnich Automatu";"Soukroma sfera"
"234";"0110 Generalove a dustojnici v ozbrojenych silach";5643;41719;33288;36119;48372;53177;43337;0.45;4.22;0.01;173.2945;"0110";"Generalove A Dustojnici V Ozbrojenych Silach";"Verejna sfera"
"235";"0210 Poddustojnici v ozbrojenych silach";7911;23144;21462;22085;25775;28261;24020;0.07;4.61;0;173.3058;"0210";"Poddustojnici V Ozbrojenych Silach";"Verejna sfera"
"236";"0310 Zamestnanci v ozbrojenych silach (kr.generalu,dustojniku,poddustojniku)";8600;30572;11500;22415;33237;35822;28021;0.15;4.9;0.02;173.305;"0310";"Zamestnanci V Ozbrojenych Silach (kr.generalu,dustojniku,poddustojniku)";"Verejna sfera"
"237";"1112 Nejvyssi statni urednici";2674;48682;31578;40762;61148;85226;54174;10.47;31.72;6.96;173.9554;"1112";"Nejvyssi Statni Urednici";"Verejna sfera"
"238";"1113 Predstavitele samospravy";112;45346;31612;40258;52252;59271;45923;7;26;5;173.5462;"1113";"Predstavitele Samospravy";"Verejna sfera"
"239";"1114 Nejvyssi predstavitele politickych, zajmovych a pribuznych organizaci";55;49674;29884;41182;69110;80449;54296;13.87;33.28;5.91;173.4819;"1114";"Nejvyssi Predstavitele Politickych, Zajmovych A Pribuznych Organizaci";"Verejna sfera"
"240";"1120 Nejvyssi predstavitele spolecnosti (kr.politickych,zajmovych a pribuznych organizaci)";1008;51265;29093;39840;66256;83499;55774;15.4;33.08;6.52;173.486;"1120";"Nejvyssi Predstavitele Spolecnosti (kr.politickych,zajmovych A Pribuznych Organizaci)";"Verejna sfera"
"241";"1211 ridici pracovnici v oblasti financi (krome financnich a pojistovacich sluzeb)";1260;43733;29941;35634;56663;71541;48326;12.68;30.19;7.04;174.0457;"1211";"Ridici Pracovnici V Oblasti Financi (krome Financnich A Pojistovacich Sluzeb)";"Verejna sfera"
"242";"1212 ridici pracovnici v oblasti lidskych zdroju";706;37888;30632;33303;46313;65487;42969;10.33;25.77;6.34;176.1965;"1212";"Ridici Pracovnici V Oblasti Lidskych Zdroju";"Verejna sfera"
"243";"1219 Ostatni ridici pracovnici spravy podniku, administrativnich a podpurnych cinnosti ";2144;44662;30063;36383;57527;72798;48722;12.34;29.4;6.87;174.0604;"1219";"Ostatni Ridici Pracovnici Spravy Podniku, Administrativnich A Podpurnych Cinnosti";"Verejna sfera"
"244";"1221 ridici pracovnici v oblasti obchodu, marketingu a v pribuznych oblastech ";118;40406;23557;28436;53438;73708;44862;13.7;31.65;5.95;174.3454;"1221";"Ridici Pracovnici V Oblasti Obchodu, Marketingu A V Pribuznych Oblastech";"Verejna sfera"
"245";"1222 ridici pracovnici v oblasti reklamy a styku s verejnosti ";103;45800;23062;31126;61679;78865;48323;14.6;30.82;6.08;173.6714;"1222";"Ridici Pracovnici V Oblasti Reklamy A Styku S Verejnosti";"Verejna sfera"
"246";"1223 ridici pracovnici v oblasti vyzkumu a vyvoje";201;49713;31238;39832;64196;80873;54760;14.22;30.18;5.98;174.5165;"1223";"Ridici Pracovnici V Oblasti Vyzkumu A Vyvoje";"Verejna sfera"
"247";"1311 ridici pracovnici v zemedelstvi, lesnictvi, myslivosti a v oblasti zivotniho prostredi ";595;45927;33508;38457;57066;74900;50051;12.2;27.17;6.46;173.5341;"1311";"Ridici Pracovnici V Zemedelstvi, Lesnictvi, Myslivosti A V Oblasti Zivotniho Prostredi";"Verejna sfera"
"248";"1321 ridici pracovnici v prumyslove vyrobe";50;40126;29095;35230;48786;63585;44311;13.96;27.75;4.82;172.8874;"1321";"Ridici Pracovnici V Prumyslove Vyrobe";"Verejna sfera"
"249";"1323 ridici pracovnici ve stavebnictvi a zememerictvi";172;39319;26823;32501;46336;54236;40422;11.16;25.06;5.34;173.3311;"1323";"Ridici Pracovnici Ve Stavebnictvi A Zememerictvi";"Verejna sfera"
"250";"1324 ridici pracovnici v doprave, logistice a pribuznych oborech";321;41345;25878;31688;51011;74510;44693;13.36;29.77;6.34;174.1341;"1324";"Ridici Pracovnici V Doprave, Logistice A Pribuznych Oborech";"Verejna sfera"
"251";"1330 ridici pracovnici v oblasti informacnich a komunikacnich technologii";371;50311;31501;39580;62999;79087;52824;13.15;30.22;6.45;174.8392;"1330";"Ridici Pracovnici V Oblasti Informacnich A Komunikacnich Technologii";"Verejna sfera"
"252";"1341 ridici pracovnici v oblasti pece o deti";3356;33857;26930;29831;38208;42007;34309;5.03;22.69;6.09;173.6647;"1341";"Ridici Pracovnici V Oblasti Pece O Deti";"Verejna sfera"
"253";"1342 ridici pracovnici v oblasti zdravotnictvi";1383;51735;27748;32685;80038;113901;61361;12.48;29.8;6.45;176.1024;"1342";"Ridici Pracovnici V Oblasti Zdravotnictvi";"Verejna sfera"
"254";"1343 ridici pracovnici v oblasti pece o seniory";378;34690;25904;29475;42018;53836;37083;9.4;26.34;7.35;174.5357;"1343";"Ridici Pracovnici V Oblasti Pece O Seniory";"Verejna sfera"
"255";"1344 ridici pracovnici v socialni oblasti (krome pece o seniory)";1010;38893;30254;33560;50289;65454;43450;8.5;26.83;6.19;175.4274;"1344";"Ridici Pracovnici V Socialni Oblasti (krome Pece O Seniory)";"Verejna sfera"
"256";"1345 ridici pracovnici v oblasti vzdelavani";9003;42427;33374;37238;49660;56598;43971;5.78;28.2;5.69;173.8487;"1345";"Ridici Pracovnici V Oblasti Vzdelavani";"Verejna sfera"
"257";"1349 ridici pracovnici knihoven, muzei, v oblasti prava a bezpecnosti a v dalsich oblastech";2556;52535;33600;42570;64003;74588;53772;8.26;29.55;7.97;169.9554;"1349";"Ridici Pracovnici Knihoven, Muzei, V Oblasti Prava A Bezpecnosti A V Dalsich Oblastech";"Verejna sfera"
"258";"1411 ridici pracovnici v oblasti ubytovacich sluzeb";65;36941;23048;27381;46688;52204;37027;6.3;30.92;7.5;174.8798;"1411";"Ridici Pracovnici V Oblasti Ubytovacich Sluzeb";"Verejna sfera"
"259";"1412 ridici pracovnici v oblasti stravovacich sluzeb";179;30980;22334;25872;36189;39245;31407;7.87;25.35;4.88;174.4487;"1412";"Ridici Pracovnici V Oblasti Stravovacich Sluzeb";"Verejna sfera"
"260";"1431 ridici pracovnici v oblasti kultury, vydavatelstvi, sportu a zabavy";367;34387;24045;28587;45580;54870;38183;9.61;28;5.17;174.2085;"1431";"Ridici Pracovnici V Oblasti Kultury, Vydavatelstvi, Sportu A Zabavy";"Verejna sfera"
"261";"1439 ridici pracovnici cestovnich kancelari,nemovitosti,opravarenskych,osobnich aj. sluzeb";317;42342;28287;35360;50433;64233;44526;12.24;24.42;6.5;173.8438;"1439";"Ridici Pracovnici Cestovnich Kancelari,nemovitosti,opravarenskych,osobnich Aj. Sluzeb";"Verejna sfera"
"262";"2111 Fyzici a astronomove";169;35617;21185;26520;45302;51735;36773;4.99;22.63;6.88;175.2101;"2111";"Fyzici A Astronomove";"Verejna sfera"
"263";"2112 Meteorologove";133;30962;23356;25698;35174;38833;30973;0.43;22.01;5.68;169.209;"2112";"Meteorologove";"Verejna sfera"
"264";"2113 Chemici (krome chemickeho inzenyrstvi)";309;31587;19588;23466;38625;46309;32757;5.56;16.7;6.45;176.9047;"2113";"Chemici (krome Chemickeho Inzenyrstvi)";"Verejna sfera"
"265";"2114 Geologove, geofyzici a pribuzni pracovnici";261;31251;22139;26044;39350;48751;33964;5.46;16.21;6.2;181.9498;"2114";"Geologove, Geofyzici A Pribuzni Pracovnici";"Verejna sfera"
"266";"2120 Specialiste v oblasti matematiky, statistiky a pojistne matematiky";547;35253;27137;30703;40497;45913;36305;9.04;16.94;6.9;173.6976;"2120";"Specialiste V Oblasti Matematiky, Statistiky A Pojistne Matematiky";"Verejna sfera"
"267";"2131 Biologove, botanici, zoologove a pribuzni specialiste";1144;32542;22163;26156;41119;51217;35173;5.65;18.07;6.59;176.5715;"2131";"Biologove, Botanici, Zoologove A Pribuzni Specialiste";"Verejna sfera"
"268";"2132 Specialiste v oblasti zemedelstvi, lesnictvi, rybarstvi a vodniho hospodarstvi";1431;29699;23045;25971;33908;39139;31186;8.82;13.59;5.65;173.5171;"2132";"Specialiste V Oblasti Zemedelstvi, Lesnictvi, Rybarstvi A Vodniho Hospodarstvi";"Verejna sfera"
"269";"2133 Specialiste v oblasti ochrany zivotniho prostredi (krome prumyslove ekologie)";1662;29910;22652;26039;34613;40611;30921;8;13.53;6.42;173.4378;"2133";"Specialiste V Oblasti Ochrany Zivotniho Prostredi (krome Prumyslove Ekologie)";"Verejna sfera"
"270";"2141 Specialiste v oblasti prumysloveho inzenyrstvi a v pribuznych oblastech";978;34478;24829;28950;41396;49401;36388;9;20.13;6.58;174.1196;"2141";"Specialiste V Oblasti Prumysloveho Inzenyrstvi A V Pribuznych Oblastech";"Verejna sfera"
"271";"2142 Stavebni inzenyri";621;32249;24877;28644;36504;43461;33452;9.72;19.7;5.99;173.476;"2142";"Stavebni Inzenyri";"Verejna sfera"
"272";"2149 Inzenyri v ostatnich oborech (textilni, kozedelny, polygraficky, drevarsky apod.)";410;31968;24216;28025;37024;45069;33946;6.9;22.97;6.09;174.6787;"2149";"Inzenyri V Ostatnich Oborech (textilni, Kozedelny, Polygraficky, Drevarsky Apod.)";"Verejna sfera"
"273";"2151 Inzenyri elektrotechnici a energetici ";110;31069;25174;27642;34506;41006;31809;1.99;20.91;6.43;173.5239;"2151";"Inzenyri Elektrotechnici A Energetici";"Verejna sfera"
"274";"2153 Inzenyri v oblasti elektronickych komunikaci (vcetne radiokomunikaci)";316;32129;24381;27705;36656;42145;33010;9.14;12.82;7.13;173.1229;"2153";"Inzenyri V Oblasti Elektronickych Komunikaci (vcetne Radiokomunikaci)";"Verejna sfera"
"275";"2161 Stavebni architekti";38;29336;21500;27385;31737;43361;30264;3.28;11.49;5.82;172.869;"2161";"Stavebni Architekti";"Verejna sfera"
"276";"2163 Prumyslovi a produktovi designeri, mdni navrhari";37;22908;17331;20565;26478;29460;23519;5.35;15.23;2.51;177.2783;"2163";"Prumyslovi A Produktovi Designeri, Mdni Navrhari";"Verejna sfera"
"277";"2164 Specialiste v oblasti uzemniho a dopravniho planovani";596;31662;23932;27172;37597;44568;33376;9.63;19.45;6.15;173.6559;"2164";"Specialiste V Oblasti Uzemniho A Dopravniho Planovani";"Verejna sfera"
"278";"2165 Kartografove a zememerici";287;24954;20768;22419;29510;34853;26764;7.16;8.23;5.13;173.3635;"2165";"Kartografove A Zememerici";"Verejna sfera"
"279";"2211 Prakticti lekari";1555;50137;31282;40114;62572;78355;53067;6.7;22.85;6.06;189.6423;"2211";"Prakticti Lekari";"Verejna sfera"
"280";"2212 Lekari specialiste";9160;65384;37813;49598;85893;104600;69350;9.92;25.74;5.8;190.3622;"2212";"Lekari Specialiste";"Verejna sfera"
"281";"2221 Vseobecne sestry se specializaci";11606;34719;27485;30639;39608;44875;35594;3.24;21.05;6.51;172.9103;"2221";"Vseobecne Sestry Se Specializaci";"Verejna sfera"
"282";"2222 Porodni asistentky se specializaci ";365;34158;26581;29950;37583;40990;34111;2.66;20.03;5.67;171.8896;"2222";"Porodni Asistentky Se Specializaci";"Verejna sfera"
"283";"2250 Veterinarni lekari ";575;33924;25951;30012;38305;44247;34862;6.42;9.64;7.02;174.0906;"2250";"Veterinarni Lekari";"Verejna sfera"
"284";"2261 Zubni lekari";145;49487;29675;39296;60182;78467;52539;7.68;18.77;5.55;181.1336;"2261";"Zubni Lekari";"Verejna sfera"
"285";"2262 Farmaceuti";536;42993;30899;36449;50770;60812;45076;7.77;23.71;6.74;178.2997;"2262";"Farmaceuti";"Verejna sfera"
"286";"2263 Specialiste v oblasti ochrany verejneho zdravi";747;35016;23520;26483;42324;49781;35746;7.11;20.36;7.51;173.6482;"2263";"Specialiste V Oblasti Ochrany Verejneho Zdravi";"Verejna sfera"
"287";"2264 Fyzioterapeuti specialiste";808;27022;21635;24370;29953;34230;27695;3.83;10.3;6.68;174.7784;"2264";"Fyzioterapeuti Specialiste";"Verejna sfera"
"288";"2265 Specialiste v oblasti dietetiky a vyzivy";412;26023;19732;22757;29436;33112;26517;3.18;13.14;6.36;174.2276;"2265";"Specialiste V Oblasti Dietetiky A Vyzivy";"Verejna sfera"
"289";"2266 Specialiste v oblasti audiologie a recove terapie";83;31917;23969;26299;37214;42670;32617;2.85;12.63;4.95;173.59;"2266";"Specialiste V Oblasti Audiologie A Recove Terapie";"Verejna sfera"
"290";"2269 Specialiste v oblasti zdravotnictvi jinde neuvedeni";471;27256;20327;23423;31977;43476;30526;3.65;19.04;6.05;175.0391;"2269";"Specialiste V Oblasti Zdravotnictvi Jinde Neuvedeni";"Verejna sfera"
"291";"2310 Ucitele na vysokych a vyssich odbornych skolach";839;31112;24825;27605;37152;43666;33157;2.39;13.96;5.66;174.1058;"2310";"Ucitele Na Vysokych A Vyssich Odbornych Skolach";"Verejna sfera"
"292";"2320 Ucitele odbor. predmetu,praktickeho vyucovani,lektori (kr.zaku se spec.vzdel.potreb.)";12290;27296;23336;24869;30057;32975;27883;2.18;8.67;4.42;174.2574;"2320";"Ucitele Odbor. Predmetu,praktickeho Vyucovani,lektori (kr.zaku Se Spec.vzdel.potreb.)";"Verejna sfera"
"293";"2330 Ucitele na strednich skolach (kr.odbor.predmetu), konzervatorich, 2.st.zakladnich skol";38202;27926;23839;25517;30210;32628;28217;2.34;8.28;3.89;174.0306;"2330";"Ucitele Na Strednich Skolach (kr.odbor.predmetu), Konzervatorich, 2.st.zakladnich Skol";"Verejna sfera"
"294";"2341 Ucitele na 1. stupni zakladnich skol ";23524;27794;23835;25536;29721;31513;27841;2.41;6.53;3.78;173.9099;"2341";"Ucitele Na 1. Stupni Zakladnich Skol";"Verejna sfera"
"295";"2342 Ucitele v oblasti predskolni vychovy";22020;23331;20899;21865;24550;26259;23480;2.22;3.44;4.52;173.5922;"2342";"Ucitele V Oblasti Predskolni Vychovy";"Verejna sfera"
"296";"2351 Specialiste zamereni na metody vyuky";404;34054;26285;30737;36368;43763;34452;2.88;16.87;4.17;174.0159;"2351";"Specialiste Zamereni Na Metody Vyuky";"Verejna sfera"
"297";"2353 Lektori a ucitele jazyku na ostatnich skolach";65;26819;21293;24243;29705;32146;26568;0.51;8.16;6.27;173.7369;"2353";"Lektori A Ucitele Jazyku Na Ostatnich Skolach";"Verejna sfera"
"298";"2354 Lektori a ucitele hudby na ostatnich skolach";2738;26717;22787;24362;28694;30759;26869;2.12;4.54;2.93;173.928;"2354";"Lektori A Ucitele Hudby Na Ostatnich Skolach";"Verejna sfera"
"299";"2355 Lektori a ucitele umeni na ostatnich skolach";1242;26816;22797;24352;28937;30652;26901;2.49;4.9;2.97;173.7271;"2355";"Lektori A Ucitele Umeni Na Ostatnich Skolach";"Verejna sfera"
"300";"2359 Specialni pedagogove, vychovatele (kr.spec.vzdel.potreb), ostatni pedagogove";11094;24173;20871;22353;26570;30581;25034;2.55;7.54;4.77;174.0182;"2359";"Specialni Pedagogove, Vychovatele (kr.spec.vzdel.potreb), Ostatni Pedagogove";"Verejna sfera"
"301";"2411 Specialiste v oblasti ucetnictvi";3668;30973;22435;26157;37168;44522;32718;8.68;18.29;6.63;174.0779;"2411";"Specialiste V Oblasti Ucetnictvi";"Verejna sfera"
"302";"2412 Financni a investicni poradci a pribuzni specialiste";37;28729;24177;25990;36089;40485;31294;6.01;20.29;6.63;173.8276;"2412";"Financni A Investicni Poradci A Pribuzni Specialiste";"Verejna sfera"
"303";"2413 Financni analytici a specialiste v peneznictvi a pojistovnictvi";205;36273;27002;31354;42599;49930;37995;7.14;21.64;7.32;174.7546;"2413";"Financni Analytici A Specialiste V Peneznictvi A Pojistovnictvi";"Verejna sfera"
"304";"2421 Specialiste v oblasti organizace a rizeni prace";558;33574;24411;27831;40023;49129;35446;9.27;23.2;6.87;172.3593;"2421";"Specialiste V Oblasti Organizace A Rizeni Prace";"Verejna sfera"
"305";"2422 Specialiste v oblasti strategie a politiky organizaci";13728;36388;23562;28601;43577;51959;37327;9.61;20.97;6.67;174.0059;"2422";"Specialiste V Oblasti Strategie A Politiky Organizaci";"Verejna sfera"
"306";"2423 Specialiste v oblasti personalniho rizeni";792;31446;24120;28165;38388;45697;33977;7.18;20.3;7.24;175.0371;"2423";"Specialiste V Oblasti Personalniho Rizeni";"Verejna sfera"
"307";"2424 Specialiste v oblasti vzdelavani a rozvoje lidskych zdroju";244;30288;22575;25679;38295;49237;33522;9.44;18.37;6.46;175.4903;"2424";"Specialiste V Oblasti Vzdelavani A Rozvoje Lidskych Zdroju";"Verejna sfera"
"308";"2431 Specialiste v oblasti reklamy a marketingu, pruzkumu trhu";363;30620;21305;26059;36011;42744;32453;10.33;27.02;8.69;173.9046;"2431";"Specialiste V Oblasti Reklamy A Marketingu, Pruzkumu Trhu";"Verejna sfera"
"309";"2432 Specialiste pro styk s verejnosti";752;28236;17799;21281;37871;47009;30720;8.72;20.19;6.43;174.1918;"2432";"Specialiste Pro Styk S Verejnosti";"Verejna sfera"
"310";"2511 Systemovi analytici";755;34403;26254;30136;40134;47645;36148;7.56;20.04;6.39;174.1453;"2511";"Systemovi Analytici";"Verejna sfera"
"311";"2514 Programatori pocitacovych aplikaci specialiste";291;32543;23125;27602;37693;44142;33323;6.73;21.63;6.18;174.8577;"2514";"Programatori Pocitacovych Aplikaci Specialiste";"Verejna sfera"
"312";"2521 Navrhari a spravci databazi";283;33840;25088;28915;39573;44655;34533;5.95;18.91;5.8;174.9465;"2521";"Navrhari A Spravci Databazi";"Verejna sfera"
"313";"2522 Systemovi administratori, spravci pocitacovych siti ";1879;31082;23550;27076;35878;42318;32211;5.77;18.22;6.44;174.4307;"2522";"Systemovi Administratori, Spravci Pocitacovych Siti";"Verejna sfera"
"314";"2523 Specialiste v oblasti pocitacovych siti (krome spravcu)";219;33873;22755;27588;40794;46635;34443;7.39;23.51;5.68;173.955;"2523";"Specialiste V Oblasti Pocitacovych Siti (krome Spravcu)";"Verejna sfera"
"315";"2529 Specialiste v oblasti bezpecnosti dat a pribuzni pracovnici";149;36441;27566;30916;44991;56252;39411;14.68;22.16;6.66;171.7472;"2529";"Specialiste V Oblasti Bezpecnosti Dat A Pribuzni Pracovnici";"Verejna sfera"
"316";"2611 Advokati, statni zastupci a pribuzni pracovnici";64;21516;18751;19929;23583;28794;23080;7.14;5.2;5.19;173.272;"2611";"Advokati, Statni Zastupci A Pribuzni Pracovnici";"Verejna sfera"
"317";"2612 Soudci a pribuzni pracovnici";1607;25932;20829;23076;29364;32230;26659;9.52;6.22;6.29;173.4074;"2612";"Soudci A Pribuzni Pracovnici";"Verejna sfera"
"318";"2619 Podnikovi pravnici, pravnici legislativci, ostatni specialiste v oblasti prava ";3026;34425;24678;28891;42783;52188;36870;10.16;19.17;6.91;173.907;"2619";"Podnikovi Pravnici, Pravnici Legislativci, Ostatni Specialiste V Oblasti Prava";"Verejna sfera"
"319";"2621 Specialiste archivari, kuratori a spravci pamatkovych objektu";1945;25336;19263;21857;29607;34688;26462;4.71;11.98;5.74;173.2878;"2621";"Specialiste Archivari, Kuratori A Spravci Pamatkovych Objektu";"Verejna sfera"
"320";"2622 Specialiste v knihovnach a v pribuznych oblastech";282;24525;19460;21405;28752;37911;26686;4.87;13.69;5.67;174.4047;"2622";"Specialiste V Knihovnach A V Pribuznych Oblastech";"Verejna sfera"
"321";"2631 Specialiste v oblasti ekonomie";357;32350;22929;27321;39541;46513;34553;7.64;22.56;7.31;174.4257;"2631";"Specialiste V Oblasti Ekonomie";"Verejna sfera"
"322";"2632 Sociologove, antropologove a specialiste v pribuznych oborech";337;24346;19350;21847;28067;34329;25959;4.28;11.45;5.73;173.3851;"2632";"Sociologove, Antropologove A Specialiste V Pribuznych Oborech";"Verejna sfera"
"323";"2633 Filozofove, historici a politologove";389;23277;17917;20286;27797;33508;25197;1.47;10.35;6.08;173.32;"2633";"Filozofove, Historici A Politologove";"Verejna sfera"
"324";"2634 Psychologove";1298;29115;23185;25355;33912;39092;30506;3.37;13.16;7.01;173.9867;"2634";"Psychologove";"Verejna sfera"
"325";"2635 Specialiste v oblasti socialni prace";3216;26820;18815;22326;30542;34560;26944;5.23;17.21;6.52;173.4067;"2635";"Specialiste V Oblasti Socialni Prace";"Verejna sfera"
"326";"2642 Redaktori, novinari a pribuzni pracovnici";279;28333;21294;24216;32471;37291;29094;4.71;17.26;5.95;174.5139;"2642";"Redaktori, Novinari A Pribuzni Pracovnici";"Verejna sfera"
"327";"2643 Prekladatele, tlumocnici a jazykovedci";44;29578;21919;25173;32319;36061;29019;2.83;19.37;8.02;171.1469;"2643";"Prekladatele, Tlumocnici A Jazykovedci";"Verejna sfera"
"328";"2651 Vytvarni umelci";134;21441;16022;18803;26144;33200;23303;3.83;11.35;4.99;173.4345;"2651";"Vytvarni Umelci";"Verejna sfera"
"329";"2652 Hudebnici, zpevaci a skladatele";1781;25706;19365;22326;29389;38124;27133;3.94;13.18;0.97;173.1379;"2652";"Hudebnici, Zpevaci A Skladatele";"Verejna sfera"
"330";"2653 Tanecnici a choreografove";274;26576;19385;21672;36184;43314;29578;7.08;17.62;1.83;173.12;"2653";"Tanecnici A Choreografove";"Verejna sfera"
"331";"2654 Reziseri, dramaturgove, produkcni a pribuzni specialiste";228;27223;19296;22689;35118;42937;30364;7.66;20.94;2.95;174.2735;"2654";"Reziseri, Dramaturgove, Produkcni A Pribuzni Specialiste";"Verejna sfera"
"332";"2655 Herci";587;24921;19832;21947;27979;32158;25985;5.32;11.5;0.29;173.3902;"2655";"Herci";"Verejna sfera"
"333";"2659 Vykonni umelci a pribuzni specialiste jinde neuvedeni ";95;22888;17916;19371;25712;29308;23489;6.61;13.39;1.96;173.6323;"2659";"Vykonni Umelci A Pribuzni Specialiste Jinde Neuvedeni";"Verejna sfera"
"334";"3111 Technici v chemickych a fyzikalnich vedach (krome chemickeho inzenyrstvi)";296;23688;19790;21801;26690;30158;24713;1.23;17.67;6.12;172.313;"3111";"Technici V Chemickych A Fyzikalnich Vedach (krome Chemickeho Inzenyrstvi)";"Verejna sfera"
"335";"3112 Stavebni technici";2712;27987;22287;25071;31463;35512;28805;6.06;17.12;6.35;173.5405;"3112";"Stavebni Technici";"Verejna sfera"
"336";"3113 Elektrotechnici a technici energetici";297;27014;21105;24034;30893;35744;27898;5.44;18.88;5.98;174.93;"3113";"Elektrotechnici A Technici Energetici";"Verejna sfera"
"337";"3114 Technici elektronici";104;26226;19170;22390;30038;35729;27146;3.43;20.15;5.14;174.2904;"3114";"Technici Elektronici";"Verejna sfera"
"338";"3115 Strojirensti technici";184;27135;19777;23039;29169;32503;26491;2.85;17.9;7.42;174.4012;"3115";"Strojirensti Technici";"Verejna sfera"
"339";"3116 Technici v chemickem inzenyrstvi a prib.oborech (gumar.,plastik.,potrav.,vodar.apod.)";285;27258;20575;22685;30631;33339;26889;5.68;10.58;6.7;175.9415;"3116";"Technici V Chemickem Inzenyrstvi A Prib.oborech (gumar.,plastik.,potrav.,vodar.apod.)";"Verejna sfera"
"340";"3118 Technici kartografove, zememerici a pracovnici v pribuznych oborech";3059;23086;18859;20921;25283;27913;23294;5.74;3.79;5.17;173.4007;"3118";"Technici Kartografove, Zememerici A Pracovnici V Pribuznych Oborech";"Verejna sfera"
"341";"3119 Technici v ostatnich oborech (textilni, kozedelny, polygraficky, drevarsky apod.)";2813;26375;18876;21544;31312;36286;27263;5.97;18.62;5.89;172.9248;"3119";"Technici V Ostatnich Oborech (textilni, Kozedelny, Polygraficky, Drevarsky Apod.)";"Verejna sfera"
"342";"3122 Mistri a pribuzni pracovnici ve vyrobe (krome hutni vyroby a slevarenstvi)";435;28146;22909;25380;31732;35919;28830;6.09;21.7;5.57;175.844;"3122";"Mistri A Pribuzni Pracovnici Ve Vyrobe (krome Hutni Vyroby A Slevarenstvi)";"Verejna sfera"
"343";"3123 Mistri a pribuzni pracovnici ve stavebnictvi";201;32493;26237;28734;37533;42059;33284;10.29;27.92;4.64;175.3999;"3123";"Mistri A Pribuzni Pracovnici Ve Stavebnictvi";"Verejna sfera"
"344";"3141 Technici a laboranti v biologickych a pribuznych oborech (krome zdravotnickych)";395;25255;19200;21756;29596;33733;26206;5.24;14.28;6.33;174.3866;"3141";"Technici A Laboranti V Biologickych A Pribuznych Oborech (krome Zdravotnickych)";"Verejna sfera"
"345";"3142 Technici v oblasti zemedelstvi, rybarstvi a vodohospodarstvi";432;25099;19584;22320;28047;30917;25514;5.72;9.46;5.81;174.7441;"3142";"Technici V Oblasti Zemedelstvi, Rybarstvi A Vodohospodarstvi";"Verejna sfera"
"346";"3143 Technici v oblasti lesnictvi a myslivosti";340;24925;19448;22259;28507;32292;25808;7.35;13.5;5.07;173.3047;"3143";"Technici V Oblasti Lesnictvi A Myslivosti";"Verejna sfera"
"347";"3153 Piloti, navigatori a palubni technici";61;35726;23344;30922;40070;56387;36773;3.41;27.95;4.43;170.7713;"3153";"Piloti, Navigatori A Palubni Technici";"Verejna sfera"
"348";"3211 Technici a asistenti pro obsluhu lekarskych zarizeni";1395;34135;24374;28533;41630;49756;35997;6.5;20.46;6.92;183.9645;"3211";"Technici A Asistenti Pro Obsluhu Lekarskych Zarizeni";"Verejna sfera"
"349";"3212 Odborni laboranti a laboratorni asistenti v oblasti zdravotnictvi";2824;28556;21736;24556;33890;39199;29886;3.47;15.26;6.8;179.8268;"3212";"Odborni Laboranti A Laboratorni Asistenti V Oblasti Zdravotnictvi";"Verejna sfera"
"350";"3213 Farmaceuticti asistenti";570;27955;22386;24761;31542;36042;28788;5.38;14.61;6.42;175.5378;"3213";"Farmaceuticti Asistenti";"Verejna sfera"
"351";"3214 Odborni pracovnici v oblasti zubni techniky, ortotiky a protetiky";73;26433;20436;23687;30185;33783;27098;7.95;9.54;4.54;172.9527;"3214";"Odborni Pracovnici V Oblasti Zubni Techniky, Ortotiky A Protetiky";"Verejna sfera"
"352";"3221 Vseobecne sestry bez specializace";20127;30781;24749;27474;34562;38809;31416;2.6;18.64;6.82;170.7276;"3221";"Vseobecne Sestry Bez Specializace";"Verejna sfera"
"353";"3222 Porodni asistentky bez specializace";897;29926;23487;26474;33356;36799;30120;1.44;18.67;6.31;168.9337;"3222";"Porodni Asistentky Bez Specializace";"Verejna sfera"
"354";"3240 Veterinarni technici a asistenti";329;23818;20331;21982;25269;27484;23884;4.41;5.47;7.2;173.8047;"3240";"Veterinarni Technici A Asistenti";"Verejna sfera"
"355";"3255 Odborni pracovnici v oblasti rehabilitace";1147;26568;20809;23565;29204;32634;26620;3.32;9.43;6.62;174.9035;"3255";"Odborni Pracovnici V Oblasti Rehabilitace";"Verejna sfera"
"356";"3256 Zdravotnicti asistenti (prakticke sestry)";1989;23334;18124;20377;27224;30647;23952;2.16;19.47;7.02;170.479;"3256";"Zdravotnicti Asistenti (prakticke Sestry)";"Verejna sfera"
"357";"3257 Asistenti ochrany verejneho zdravi";616;26701;21663;24717;28442;29975;26240;4.16;13.83;6.57;173.1686;"3257";"Asistenti Ochrany Verejneho Zdravi";"Verejna sfera"
"358";"3258 Zdravotnicti zachranari";2282;36414;28497;32388;40758;45138;36700;1.73;27.25;8.38;174.0357;"3258";"Zdravotnicti Zachranari";"Verejna sfera"
"359";"3259 Nutricni asistenti,ergoterapeuti bez specializace,ost.odborni zdravotnicti pracovnici";390;26722;19606;21711;33400;41003;28425;2.79;16.22;6.85;173.7821;"3259";"Nutricni Asistenti,ergoterapeuti Bez Specializace,ost.odborni Zdravotnicti Pracovnici";"Verejna sfera"
"360";"3313 Odborni pracovnici v oblasti ucetnictvi, ekonomiky a personalistiky";15248;26351;20355;23047;30326;35203;27297;6.46;15.53;6.48;173.9501;"3313";"Odborni Pracovnici V Oblasti Ucetnictvi, Ekonomiky A Personalistiky";"Verejna sfera"
"361";"3314 Odborni pracovnici v oblasti matematiky, statistiky a pojistne matematiky";673;26909;22962;24804;28685;31860;27273;9.96;10.51;6.16;174.1069;"3314";"Odborni Pracovnici V Oblasti Matematiky, Statistiky A Pojistne Matematiky";"Verejna sfera"
"362";"3322 Obchodni zastupci";49;23062;20626;21007;23826;27263;23045;1.44;3.34;5.2;173.3308;"3322";"Obchodni Zastupci";"Verejna sfera"
"363";"3323 Nakupci";412;23605;18625;20915;26910;30560;24498;5.1;16.05;6.55;173.8255;"3323";"Nakupci";"Verejna sfera"
"364";"3331 Odbytovi a prepravni agenti, celni deklaranti";221;25291;20145;22623;27459;31330;25940;3.76;17.09;6.61;177.6467;"3331";"Odbytovi A Prepravni Agenti, Celni Deklaranti";"Verejna sfera"
"365";"3333 Odborni pracovnici uradu prace";2398;24121;18629;21284;26432;28614;24135;3.84;10.8;5.17;178.0162;"3333";"Odborni Pracovnici Uradu Prace";"Verejna sfera"
"366";"3339 Obchodni,reklamacni referenti,pracovnici propagace,reklamy,ostatni zprostredkovatele";818;24282;17552;20393;27958;32899;24807;6.65;17.06;5.89;174.4398;"3339";"Obchodni,reklamacni Referenti,pracovnici Propagace,reklamy,ostatni Zprostredkovatele";"Verejna sfera"
"367";"3341 Vedouci v oblasti administrativnich agend";3010;36360;22384;26305;45687;54805;37810;10.72;24;6.37;173.8066;"3341";"Vedouci V Oblasti Administrativnich Agend";"Verejna sfera"
"368";"3342 Odborni administrativni pracovnici v pravni oblasti";2377;24492;19035;21484;27900;31868;25340;8.28;10.69;6.66;173.6469;"3342";"Odborni Administrativni Pracovnici V Pravni Oblasti";"Verejna sfera"
"369";"3343 Odborni pracovnici v administrative a sprave organizace";27579;26462;19837;22726;31103;37550;27818;6.4;16.13;6.76;173.3415;"3343";"Odborni Pracovnici V Administrative A Sprave Organizace";"Verejna sfera"
"370";"3344 Odborni administrativni pracovnici v oblasti zdravotnictvi";416;21764;17343;19646;25152;30996;23414;5.65;17.95;5.66;174.7641;"3344";"Odborni Administrativni Pracovnici V Oblasti Zdravotnictvi";"Verejna sfera"
"371";"3351 Pracovnici Celni spravy cR";3669;35436;27419;31704;38865;43232;35545;6.66;14.47;10.04;164.6364;"3351";"Pracovnici Celni Spravy CR";"Verejna sfera"
"372";"3352 Pracovnici verejne spravy v oblasti dani";11755;28000;22701;25421;31217;34911;28530;4.9;16.15;6.13;173.5099;"3352";"Pracovnici Verejne Spravy V Oblasti Dani";"Verejna sfera"
"373";"3353 Pracovnici verejne spravy v oblasti socialnich a jinych davek";9347;23751;18757;21094;26373;31557;24513;4.4;10.47;4.75;176.1554;"3353";"Pracovnici Verejne Spravy V Oblasti Socialnich A Jinych Davek";"Verejna sfera"
"374";"3354 Pracovnici verejne spravy vydavajici ruzna povoleni ";1428;26832;21525;24036;29867;32980;27169;5.19;14.83;6.28;173.4134;"3354";"Pracovnici Verejne Spravy Vydavajici Ruzna Povoleni";"Verejna sfera"
"375";"3355 Policejni inspektori, komisari a radove Policie cR";39437;34436;25355;29629;39892;45971;35131;0.82;19.25;10.32;167.796;"3355";"Policejni Inspektori, Komisari A Radove Policie CR";"Verejna sfera"
"376";"3359 Pracovnici verejne spravy v oblasti statnich regulaci jinde neuvedeni";982;31310;22577;25932;41976;48501;33890;8.71;18.72;6.04;174.8089;"3359";"Pracovnici Verejne Spravy V Oblasti Statnich Regulaci Jinde Neuvedeni";"Verejna sfera"
"377";"3411 Odborni pracovnici v pravni oblasti, bezpecnosti a v pribuznych oborech";1270;28157;20187;24112;33324;40435;29334;8.68;14.49;6.92;174.6184;"3411";"Odborni Pracovnici V Pravni Oblasti, Bezpecnosti A V Pribuznych Oborech";"Verejna sfera"
"378";"3412 Odborni pracovnici v oblasti socialni prace";8868;22796;17422;19775;26721;30623;23522;4.59;16.55;6.57;173.1715;"3412";"Odborni Pracovnici V Oblasti Socialni Prace";"Verejna sfera"
"379";"3421 Atleti a ostatni profesionalni sportovci";154;26090;18503;23181;32275;39010;28799;6.18;13.72;4.15;174.8751;"3421";"Atleti A Ostatni Profesionalni Sportovci";"Verejna sfera"
"380";"3422 Sportovni treneri, instruktori a urednici sportovnich klubu";368;27922;20981;24437;33185;40204;29419;2.66;15;4.73;174.0811;"3422";"Sportovni Treneri, Instruktori A Urednici Sportovnich Klubu";"Verejna sfera"
"381";"3431 Fotografove";106;22632;17272;19530;27777;33322;24291;5.17;15.04;5.6;173.9578;"3431";"Fotografove";"Verejna sfera"
"382";"3432 Aranzeri a pribuzni pracovnici";101;21288;16884;18297;26402;32005;22950;5.06;13.06;5.61;173.5165;"3432";"Aranzeri A Pribuzni Pracovnici";"Verejna sfera"
"383";"3433 Konzervatori,restauratori,preparatori a pribuzni prac. v galeriich,muzeich,knihovnach";670;21361;16672;18660;25000;29167;22362;4.19;10.81;5.27;175.2743;"3433";"Konzervatori,restauratori,preparatori A Pribuzni Prac. V Galeriich,muzeich,knihovnach";"Verejna sfera"
"384";"3434 sefkuchari a sefcukrari";662;18938;15053;16816;23742;27794;20642;4.49;16.43;4.17;175.299;"3434";"Sefkuchari A Sefcukrari";"Verejna sfera"
"385";"3435 Ostatni odborni pracovnici v oblasti umeni a kultury";466;20788;14986;16343;24647;31930;22551;6.32;16.35;3.46;173.6516;"3435";"Ostatni Odborni Pracovnici V Oblasti Umeni A Kultury";"Verejna sfera"
"386";"3511 Technici provozu ICT, technici programatori";1205;26514;19639;22731;30681;35838;27365;4.87;19.03;6.19;173.9557;"3511";"Technici Provozu ICT, Technici Programatori";"Verejna sfera"
"387";"3512 Technici uzivatelske podpory informacnich a komunikacnich technologii";280;28793;20571;24714;35909;41693;30340;5.64;17.38;6.71;174.3662;"3512";"Technici Uzivatelske Podpory Informacnich A Komunikacnich Technologii";"Verejna sfera"
"388";"3513 Technici pocitacovych siti a systemu";821;28954;21429;24936;33399;39140;29794;6.24;19.89;6.15;174.2318;"3513";"Technici Pocitacovych Siti A Systemu";"Verejna sfera"
"389";"3521 Technici v oblasti vysilani a audiovizualnich zaznamu";465;22444;17898;20128;26012;29114;23372;5.29;17.3;2.09;176.676;"3521";"Technici V Oblasti Vysilani A Audiovizualnich Zaznamu";"Verejna sfera"
"390";"3522 Technici v oblasti telekomunikaci a radiokomunikaci";164;27303;24192;25614;29338;31658;27472;2.1;19.22;7.18;171.5088;"3522";"Technici V Oblasti Telekomunikaci A Radiokomunikaci";"Verejna sfera"
"391";"4110 Vseobecni administrativni pracovnici";8538;23158;16729;19407;28040;34091;24434;6.89;14.23;6.16;173.6815;"4110";"Vseobecni Administrativni Pracovnici";"Verejna sfera"
"392";"4120 Sekretari (vseobecni)";2151;23701;17164;20005;28022;31896;24359;7.36;15.56;6.28;173.7;"4120";"Sekretari (vseobecni)";"Verejna sfera"
"393";"4131 Pracovnici pro zpracovani textu, pisari";1995;18378;14637;16311;20284;22526;18586;8.23;5.58;5.89;173.6628;"4131";"Pracovnici Pro Zpracovani Textu, Pisari";"Verejna sfera"
"394";"4132 Pracovnici pro zadavani dat";240;21634;16546;18729;24774;31129;22646;5.93;14.53;6.05;173.9032;"4132";"Pracovnici Pro Zadavani Dat";"Verejna sfera"
"395";"4211 Pokladnici ve financnich institucich, na postach a pracovnici v pribuznych oborech";77;22290;15622;18401;25859;30128;22675;6.28;14.6;6.44;174.347;"4211";"Pokladnici Ve Financnich Institucich, Na Postach A Pracovnici V Pribuznych Oborech";"Verejna sfera"
"396";"4214 Inkasiste pohledavek a pribuzni pracovnici";135;24458;20802;22724;27091;29398;25300;7.51;11.62;6.1;173.4753;"4214";"Inkasiste Pohledavek A Pribuzni Pracovnici";"Verejna sfera"
"397";"4221 Pracovnici cestovniho ruchu (krome pruvodcu)";69;22681;16050;18296;28450;32418;23732;3.53;19.27;7.57;173.4734;"4221";"Pracovnici Cestovniho Ruchu (krome Pruvodcu)";"Verejna sfera"
"398";"4222 Pracovnici v zakaznickych kontaktnich centrech";87;20493;15872;17193;24159;31560;22224;7.33;14.46;6.73;174.2581;"4222";"Pracovnici V Zakaznickych Kontaktnich Centrech";"Verejna sfera"
"399";"4223 Operatori telefonnich panelu";260;16397;12590;14083;19045;22466;17023;3.88;17.09;5.96;170.8989;"4223";"Operatori Telefonnich Panelu";"Verejna sfera"
"400";"4224 Recepcni v hotelich a dalsich ubytovacich zarizenich";191;19740;15126;17098;22526;25020;19940;2.79;23.28;7.84;169.363;"4224";"Recepcni V Hotelich A Dalsich Ubytovacich Zarizenich";"Verejna sfera"
"401";"4225 Pracovnici v informacnich kancelarich";517;22150;17278;19620;25724;28625;22749;5.83;15.97;5.91;173.7792;"4225";"Pracovnici V Informacnich Kancelarich";"Verejna sfera"
"402";"4226 Recepcni (krome recepcnich v hotelich a dalsich ubytovacich zarizenich)";270;17376;13899;15353;19753;22238;17841;3.05;18.07;6.09;169.9486;"4226";"Recepcni (krome Recepcnich V Hotelich A Dalsich Ubytovacich Zarizenich)";"Verejna sfera"
"403";"4229 Pracovnici informacnich sluzeb jinde neuvedeni";255;23368;17228;20000;28888;32670;24514;8.33;14.94;6.35;173.9643;"4229";"Pracovnici Informacnich Sluzeb Jinde Neuvedeni";"Verejna sfera"
"404";"4311 urednici v oblasti ucetnictvi";2371;25106;19154;21856;28653;33121;25763;5.76;14.41;6.37;173.9284;"4311";"Urednici V Oblasti Ucetnictvi";"Verejna sfera"
"405";"4312 urednici v oblasti statistiky, financnictvi a pojistovnictvi";820;22212;16556;19020;27583;34518;24194;4.96;13.2;6.61;174.0141;"4312";"Urednici V Oblasti Statistiky, Financnictvi A Pojistovnictvi";"Verejna sfera"
"406";"4313 Mzdovi ucetni";419;27162;20107;23750;30506;35577;27641;7.59;15.5;6.75;173.702;"4313";"Mzdovi Ucetni";"Verejna sfera"
"407";"4321 urednici ve skladech";554;20111;15616;17748;23141;26370;20724;4.96;14.64;6.83;174.3327;"4321";"Urednici Ve Skladech";"Verejna sfera"
"408";"4323 Pracovnici v doprave a preprave";679;28399;22108;25216;32443;36643;28967;5.3;22.89;6.08;176.1655;"4323";"Pracovnici V Doprave A Preprave";"Verejna sfera"
"409";"4411 Knihovnici";3860;21403;16666;18826;24540;28681;22274;4.56;11.21;5.26;175.1273;"4411";"Knihovnici";"Verejna sfera"
"410";"4412 Pracovnici postovniho provozu (krome uredniku na prepazkach)";282;20176;15530;17374;23249;28115;20925;8.14;11.82;6.25;173.6756;"4412";"Pracovnici Postovniho Provozu (krome Uredniku Na Prepazkach)";"Verejna sfera"
"411";"4415 Pracovnici evidence dat a archivu";1699;22187;16872;19401;25280;29271;22883;5.57;11.68;6.12;173.8913;"4415";"Pracovnici Evidence Dat A Archivu";"Verejna sfera"
"412";"4416 Personalni referenti";849;28255;19929;23653;33359;39940;29414;7.99;18.87;6.57;174.0966;"4416";"Personalni Referenti";"Verejna sfera"
"413";"4419 urednici spravy skolstvi,kultury,zdravotnictvi,vnitrnich veci statu a ostatni urednici";9305;28276;20701;24232;33902;41981;30588;9.52;16.45;6.29;173.9496;"4419";"Urednici Spravy Skolstvi,kultury,zdravotnictvi,vnitrnich Veci Statu A Ostatni Urednici";"Verejna sfera"
"414";"5113 Pruvodci, delegati v cestovnim ruchu";420;16485;12883;14678;18968;21985;17176;3;12.21;5.95;174.0112;"5113";"Pruvodci, Delegati V Cestovnim Ruchu";"Verejna sfera"
"415";"5120 Kuchari (krome sefkucharu), pomocni kuchari";20047;14810;12429;13430;16797;19538;15520;3.74;8.12;3.44;173.8527;"5120";"Kuchari (krome Sefkucharu), Pomocni Kuchari";"Verejna sfera"
"416";"5131 cisnici a servirky";396;18279;14115;15732;21220;28515;19616;5.89;19.42;6.17;177.628;"5131";"Cisnici A Servirky";"Verejna sfera"
"417";"5132 Barmani a pribuzni pracovnici";45;17944;15809;16470;19281;20206;18032;6.82;16.22;6.29;177.2419;"5132";"Barmani A Pribuzni Pracovnici";"Verejna sfera"
"418";"5141 Kadernici";51;17540;14993;16640;19781;22219;18135;1.95;11.36;0.94;175.372;"5141";"Kadernici";"Verejna sfera"
"419";"5142 Kosmetici a pracovnici v pribuznych oborech";200;18199;14447;16467;20631;23244;18878;2.8;12.59;4.19;177.161;"5142";"Kosmetici A Pracovnici V Pribuznych Oborech";"Verejna sfera"
"420";"5151 Vedouci provozu stravovacich, ubytovacich a dalsich zarizeni";4556;20473;13124;17272;23199;26318;20406;4.28;13.89;4;173.9525;"5151";"Vedouci Provozu Stravovacich, Ubytovacich A Dalsich Zarizeni";"Verejna sfera"
"421";"5153 Spravci objektu";9249;15787;12400;13466;18799;22114;16658;3.89;10.18;3.95;174.1633;"5153";"Spravci Objektu";"Verejna sfera"
"422";"5163 Pracovnici v pohrebnictvi ";264;20127;14756;16850;23188;27472;20877;6.93;17.44;7.33;177.6359;"5163";"Pracovnici V Pohrebnictvi";"Verejna sfera"
"423";"5164 Chovatele a osetrovatele zvirat v zarizenich urcenych pro chov a pribuzni pracovnici";712;21007;15478;17951;24605;28801;21705;5.04;19.64;7.74;177.09;"5164";"Chovatele A Osetrovatele Zvirat V Zarizenich Urcenych Pro Chov A Pribuzni Pracovnici";"Verejna sfera"
"424";"5169 Pracovnici v oblasti osobnich sluzeb jinde neuvedeni";311;14275;11240;11778;17230;19862;14972;2.52;10.37;7.13;173.995;"5169";"Pracovnici V Oblasti Osobnich Sluzeb Jinde Neuvedeni";"Verejna sfera"
"425";"5223 Prodavaci v prodejnach";283;16679;13414;14753;18646;21168;17109;4.7;12.82;5.61;174.37;"5223";"Prodavaci V Prodejnach";"Verejna sfera"
"426";"5230 Pokladnici a prodavaci vstupenek a jizdenek";1017;20070;15084;16906;23925;27289;20775;5.62;14.63;5.96;173.4586;"5230";"Pokladnici A Prodavaci Vstupenek A Jizdenek";"Verejna sfera"
"427";"5311 Pracovnici pece o deti v mimoskolskych zarizenich a domacnostech";149;17901;12393;15548;20459;23793;18261;2.65;17.34;4.02;174.2537;"5311";"Pracovnici Pece O Deti V Mimoskolskych Zarizenich A Domacnostech";"Verejna sfera"
"428";"5312 Asistenti pedagogu";4567;18140;13419;15852;20642;23138;18349;2.67;11.45;7.1;173.4128;"5312";"Asistenti Pedagogu";"Verejna sfera"
"429";"5321 Osetrovatele a pracovnici v socialnich sluzbach v oblasti pobytove pece";15329;19372;15686;17433;21353;23645;19626;3.7;19.85;8.2;167.3393;"5321";"Osetrovatele A Pracovnici V Socialnich Sluzbach V Oblasti Pobytove Pece";"Verejna sfera"
"430";"5322 Osetrovatele a prac.socialnich sluzeb v obl. ambulantnich,terennich sluzeb,domaci pece ";1773;18199;14925;16426;19961;21813;18602;4.52;15.58;6.55;175.3271;"5322";"Osetrovatele A Prac.socialnich Sluzeb V Obl. Ambulantnich,terennich Sluzeb,domaci Pece";"Verejna sfera"
"431";"5329 Pracovnici osobni pece ve zdravotni a socialni oblasti jinde neuvedeni";11861;20128;15593;17493;24125;28875;21290;2.47;20.58;7.24;172.5651;"5329";"Pracovnici Osobni Pece Ve Zdravotni A Socialni Oblasti Jinde Neuvedeni";"Verejna sfera"
"432";"5411 Prislusnici HZS cR a hasici ostatnich jednotek pozarni ochrany";8366;33889;27417;29995;38785;43847;34912;3.38;24.24;8.92;165.4523;"5411";"Prislusnici HZS CR A Hasici Ostatnich Jednotek Pozarni Ochrany";"Verejna sfera"
"433";"5412 Policiste";7633;31001;22480;26936;35973;41235;31625;3.99;33.09;6;169.7011;"5412";"Policiste";"Verejna sfera"
"434";"5414 Pracovnici ostrahy a bezpecnostnich agentur";3071;15997;11964;13642;18825;22683;16805;2.65;20.23;6.22;171.3658;"5414";"Pracovnici Ostrahy A Bezpecnostnich Agentur";"Verejna sfera"
"435";"6111 Pestitele zemedelskych plodin ";95;15630;12039;13879;17518;19330;15824;2.39;6.38;3.66;174.8701;"6111";"Pestitele Zemedelskych Plodin";"Verejna sfera"
"436";"6113 Zahradnici a pestitele v zahradnickych skolkach";980;17766;13598;15256;21005;24557;18615;5.84;13.89;6.18;176.3602;"6113";"Zahradnici A Pestitele V Zahradnickych Skolkach";"Verejna sfera"
"437";"6210 Kvalifikovani pracovnici v lesnictvi a pribuznych oblastech";239;20502;14448;17316;24190;29492;21148;8.26;12.57;5.94;174.2193;"6210";"Kvalifikovani Pracovnici V Lesnictvi A Pribuznych Oblastech";"Verejna sfera"
"438";"7112 Zednici, kamnari, dlazdici a monteri suchych staveb";480;20109;15842;17980;22387;25330;20331;4.57;14.93;6.29;175.4044;"7112";"Zednici, Kamnari, Dlazdici A Monteri Suchych Staveb";"Verejna sfera"
"439";"7115 Tesari a stavebni truhlari";91;20496;16925;18081;22339;25274;20757;5.38;14.57;4.7;176.3782;"7115";"Tesari A Stavebni Truhlari";"Verejna sfera"
"440";"7119 Ostatni remeslnici a kvalifikovani pracovnici hlavni stavebni vyroby";935;20631;15509;17783;23594;26818;21114;5.87;18.13;3.56;178.1702;"7119";"Ostatni Remeslnici A Kvalifikovani Pracovnici Hlavni Stavebni Vyroby";"Verejna sfera"
"441";"7126 Instalateri, potrubari, stavebni zamecnici a stavebni klempiri";451;21580;17818;19814;23743;27116;22256;4.03;17.6;5.78;177.0781;"7126";"Instalateri, Potrubari, Stavebni Zamecnici A Stavebni Klempiri";"Verejna sfera"
"442";"7131 Maliri (vcetne stavebnich lakyrniku a nateracu), tapetari";122;19675;16267;17826;21560;24004;19878;2.29;13.86;5.6;176.9085;"7131";"Maliri (vcetne Stavebnich Lakyrniku A Nateracu), Tapetari";"Verejna sfera"
"443";"7213 Pracovnici na zpracovani plechu ";38;22203;17188;19878;23211;24211;21680;2.58;15.88;7.17;174.9958;"7213";"Pracovnici Na Zpracovani Plechu";"Verejna sfera"
"444";"7222 Nastrojari a pribuzni pracovnici";1673;20538;15414;17656;23390;26821;20863;4.49;16.63;5.93;175.8577;"7222";"Nastrojari A Pribuzni Pracovnici";"Verejna sfera"
"445";"7231 Mechanici a opravari motorovych vozidel";685;22262;18529;20431;24479;27442;22625;4.45;18.19;5.71;175.5541;"7231";"Mechanici A Opravari Motorovych Vozidel";"Verejna sfera"
"446";"7233 Mechanici a opravari zemedelskych, prumyslovych a jinych stroju a zarizeni";151;21077;15971;18195;24686;27902;21674;5.11;17.91;5.47;176.2833;"7233";"Mechanici A Opravari Zemedelskych, Prumyslovych A Jinych Stroju A Zarizeni";"Verejna sfera"
"447";"7311 Vyrobci, mechanici a opravari presnych pristroju a zarizeni";67;23454;18527;21975;27044;30388;24220;2.74;20.34;6.19;181.2519;"7311";"Vyrobci, Mechanici A Opravari Presnych Pristroju A Zarizeni";"Verejna sfera"
"448";"7317 Tradicni zpracovatele dreva, prouti a pribuznych materialu";65;19627;16081;18611;23194;25204;20717;2.98;12.23;2.22;173.7888;"7317";"Tradicni Zpracovatele Dreva, Prouti A Pribuznych Materialu";"Verejna sfera"
"449";"7319 Pracovnici v oblasti umeleckych a tradicnich remesel jinde neuvedeni";69;20861;16969;19121;23814;25485;21210;4.12;14.14;2.58;174.7924;"7319";"Pracovnici V Oblasti Umeleckych A Tradicnich Remesel Jinde Neuvedeni";"Verejna sfera"
"450";"7323 Pracovnici konecne upravy tisku a vazaci knih";55;19109;15154;16368;22404;25832;20119;5.13;11.08;5.19;176.0297;"7323";"Pracovnici Konecne Upravy Tisku A Vazaci Knih";"Verejna sfera"
"451";"7411 Stavebni a provozni elektrikari";587;22774;17898;19839;26700;30197;23453;3.38;21.27;5.91;178.2301;"7411";"Stavebni A Provozni Elektrikari";"Verejna sfera"
"452";"7412 Elektromechanici";501;21931;17671;19634;24866;27719;22603;3.19;17.32;5.94;176.3626;"7412";"Elektromechanici";"Verejna sfera"
"453";"7413 Monteri a opravari elektrickych vedeni";48;23985;20077;21595;27766;31060;24745;4.93;20.06;5.31;178.7285;"7413";"Monteri A Opravari Elektrickych Vedeni";"Verejna sfera"
"454";"7421 Mechanici a opravari elektronickych pristroju";108;27188;20278;24265;30457;33298;27119;3.94;23.05;5.68;183.8768;"7421";"Mechanici A Opravari Elektronickych Pristroju";"Verejna sfera"
"455";"7422 Mechanici a opravari informacnich a komunikacnich technologii";39;22505;17043;18164;26558;32541;22847;2.63;22.19;4.64;175.2901;"7422";"Mechanici A Opravari Informacnich A Komunikacnich Technologii";"Verejna sfera"
"456";"7512 Pekari, cukrari (krome sefcukraru) a vyrobci cukrovinek ";35;18904;14768;16006;20917;25361;19151;4;18.13;4.64;173.7048;"7512";"Pekari, Cukrari (krome Sefcukraru) A Vyrobci Cukrovinek";"Verejna sfera"
"457";"7522 Truhlari (krome stavebnich) a pracovnici v pribuznych oborech";169;20186;16453;17733;22748;24494;20448;4.74;14.65;5.85;175.6159;"7522";"Truhlari (krome Stavebnich) A Pracovnici V Pribuznych Oborech";"Verejna sfera"
"458";"7531 Krejci, kozesnici a kloboucnici";336;18485;14732;16621;20479;22279;18716;3.23;7.97;1.62;174.2114;"7531";"Krejci, Kozesnici A Kloboucnici";"Verejna sfera"
"459";"7533 svadleny, sicky, vysivaci a pracovnici v pribuznych oborech";333;15733;13417;14484;18006;19836;16348;4.05;12.28;5.43;176.231;"7533";"Svadleny, Sicky, Vysivaci A Pracovnici V Pribuznych Oborech";"Verejna sfera"
"460";"7534 calounici a pribuzni pracovnici";39;20983;16068;18516;22529;26526;21170;4.92;15.4;4.42;174.9752;"7534";"Calounici A Pribuzni Pracovnici";"Verejna sfera"
"461";"8157 Obsluha stroju v pradelnach a cistirnach";1158;14672;12472;13588;16128;17720;14995;4.05;13.84;6.71;174.2696;"8157";"Obsluha Stroju V Pradelnach A Cistirnach";"Verejna sfera"
"462";"8182 Obsluha parnich turbin, kotlu a pribuznych zarizeni";751;20838;15430;17825;24482;28021;21364;2.47;22.05;6.74;175.9312;"8182";"Obsluha Parnich Turbin, Kotlu A Pribuznych Zarizeni";"Verejna sfera"
"463";"8189 Obsluha stacionarnich stroju a zarizeni jinde neuvedena";410;21315;16565;19133;25558;29243;22348;4.21;21.54;6.63;176.3902;"8189";"Obsluha Stacionarnich Stroju A Zarizeni Jinde Neuvedena";"Verejna sfera"
"464";"8322 ridici osobnich a malych dodavkovych automobilu, taxikari ";3126;23580;17324;19697;28252;31477;24246;4.45;21.57;6.15;180.4377;"8322";"Ridici Osobnich A Malych Dodavkovych Automobilu, Taxikari";"Verejna sfera"
"465";"8331 ridici autobusu, trolejbusu a tramvaji";104;26526;18313;21646;31474;34508;26490;3.57;19.18;5.43;191.0796;"8331";"Ridici Autobusu, Trolejbusu A Tramvaji";"Verejna sfera"
"466";"8332 ridici nakladnich automobilu, tahacu a specialnich vozidel";4463;25412;19929;22814;27309;29053;24970;6.63;27.54;5.31;178.8359;"8332";"Ridici Nakladnich Automobilu, Tahacu A Specialnich Vozidel";"Verejna sfera"
"467";"8341 ridici a obsluha zemedelskych a lesnickych stroju";551;20658;16244;18318;23688;26677;21084;5.97;17.18;5.8;178.627;"8341";"Ridici A Obsluha Zemedelskych A Lesnickych Stroju";"Verejna sfera"
"468";"8342 Obsluha zeleznicnich, zemnich a pribuznych stroju a zarizeni";133;22446;17657;19935;25511;27416;22935;5.39;21;5.26;177.8856;"8342";"Obsluha Zeleznicnich, Zemnich A Pribuznych Stroju A Zarizeni";"Verejna sfera"
"469";"8343 Obsluha jerabu, zdvihacich a podobnych manipulacnich zarizeni";44;21981;18353;19536;24245;26160;22370;3.45;20.18;6.64;184.0175;"8343";"Obsluha Jerabu, Zdvihacich A Podobnych Manipulacnich Zarizeni";"Verejna sfera"
"470";"8344 Obsluha vysokozdviznych a jinych voziku a skladnici";481;19047;15146;17074;20851;22147;19069;2.48;15.04;6.28;175.6669;"8344";"Obsluha Vysokozdviznych A Jinych Voziku A Skladnici";"Verejna sfera"
"471";"9112 Uklizeci a pomocnici v hotelich, administrativnich, prumyslovych a jinych objektech";24320;12502;11018;11645;13869;15734;13075;3.18;7.54;4.18;173.9127;"9112";"Uklizeci A Pomocnici V Hotelich, Administrativnich, Prumyslovych A Jinych Objektech";"Verejna sfera"
"472";"9121 Pracovnici pro rucni prani a zehleni ";499;14195;12076;12996;15506;17501;14529;5.11;12.2;5.69;173.6535;"9121";"Pracovnici Pro Rucni Prani A Zehleni";"Verejna sfera"
"473";"9129 Ostatni pracovnici pro rucni cisteni ";43;12123;10233;10573;17500;22584;14277;7.75;6.86;8.87;173.5141;"9129";"Ostatni Pracovnici Pro Rucni Cisteni";"Verejna sfera"
"474";"9214 Pomocni pracovnici v zahradnictvi";96;16413;10948;12827;18809;22049;16349;9.69;11.23;6.35;175.43;"9214";"Pomocni Pracovnici V Zahradnictvi";"Verejna sfera"
"475";"9215 Pomocni pracovnici v lesnictvi a myslivosti";142;16155;11034;13485;18684;21370;16305;8.92;9.75;6.02;177.2792;"9215";"Pomocni Pracovnici V Lesnictvi A Myslivosti";"Verejna sfera"
"476";"9312 Figuranti, delnici vykopovych praci a delnici v oblasti vystavby inzenyrskych del";205;18294;11223;13775;21211;24255;18150;4.61;19.23;5.57;175.752;"9312";"Figuranti, Delnici Vykopovych Praci A Delnici V Oblasti Vystavby Inzenyrskych Del";"Verejna sfera"
"477";"9313 Delnici v oblasti vystavby budov";50;18324;13491;15255;20995;23265;18498;4.19;15.14;6.35;175.117;"9313";"Delnici V Oblasti Vystavby Budov";"Verejna sfera"
"478";"9329 Manipulacni a ostatni pomocni delnici ve vyrobe";144;16784;11280;13677;20187;23091;17029;4.61;13.6;6.26;174.9506;"9329";"Manipulacni A Ostatni Pomocni Delnici Ve Vyrobe";"Verejna sfera"
"479";"9333 Pomocni manipulacni pracovnici (krome vyroby)";1100;16039;11624;13966;18534;21032;16393;3.55;14.28;6.43;175.9152;"9333";"Pomocni Manipulacni Pracovnici (krome Vyroby)";"Verejna sfera"
"480";"9411 Pracovnici pro pripravu rychleho obcerstveni ";50;13430;11797;12613;15192;16551;14249;2.17;6.65;3.79;173.9893;"9411";"Pracovnici Pro Pripravu Rychleho Obcerstveni";"Verejna sfera"
"481";"9412 Pomocnici v kuchyni";1019;13310;11643;12415;14649;16965;13890;3.29;7.78;3.73;174.8352;"9412";"Pomocnici V Kuchyni";"Verejna sfera"
"482";"9611 Pracovnici odvozu a recyklace odpadu";158;16291;12302;14347;19367;22601;16922;3.54;14.88;7.99;176.7567;"9611";"Pracovnici Odvozu A Recyklace Odpadu";"Verejna sfera"
"483";"9612 Tridici odpadu";45;13912;9905;10233;18817;21331;15084;6.2;8.22;9.42;173.8375;"9612";"Tridici Odpadu";"Verejna sfera"
"484";"9613 Uklizeci verejnych prostranstvi, cistici kanalizaci a pribuzni pracovnici";10486;11761;9965;10383;15515;20036;13542;4.34;8.71;6.41;174.2348;"9613";"Uklizeci Verejnych Prostranstvi, Cistici Kanalizaci A Pribuzni Pracovnici";"Verejna sfera"
"485";"9621 Kuryri, dorucovatele baliku a nosici zavazadel";40;16599;11250;13178;19657;20197;16425;4.12;12.23;6.69;173.8713;"9621";"Kuryri, Dorucovatele Baliku A Nosici Zavazadel";"Verejna sfera"
"486";"9622 Pomocni pracovnici udrzby budov a souvisejicich prostor";940;16297;10706;12962;19964;23178;16849;4.05;12.71;6.03;176.0662;"9622";"Pomocni Pracovnici Udrzby Budov A Souvisejicich Prostor";"Verejna sfera"
